contactId,dealIds
10048,"[1135, 1136]"
10127,"[1151, 1152, 1153]"
10223,"[1159, 1160]"
10271,"[1190, 1191, 1192, 1193]"
10357,"[1208, 1209]"
10456,"[1252, 1253, 1254, 1255]"
10545,"[1280, 1281, 1282, 1283]"
10599,"[1361, 1362]"
10649,"[1433, 1434, 1435, 1436]"
10703,"[1485, 1486, 1487]"
10797,"[1568, 1569]"
10865,"[1599, 1600, 1601, 1602]"
10914,"[1663, 1664]"
10967,"[1759, 1760, 1761, 1762]"
11041,"[1789, 1790, 1791]"
11089,"[1793, 1794, 1795]"
11151,"[1872, 1873, 1874, 1875]"
11178,"[1888, 1889, 1890]"
11213,"[1927, 1928]"
11238,"[1949, 1950, 1951, 1952]"
11333,"[1992, 1993]"
11340,"[2033, 2034, 2035, 2036]"
11399,"[2040, 2041, 2042]"
11472,"[2071, 2072, 2073, 2074]"
11559,"[2080, 2081]"
11590,"[2090, 2091]"
11595,"[2165, 2166]"
11647,"[2193, 2194, 2195]"
11688,"[2261, 2262, 2263]"
11728,"[2268, 2269]"
11775,"[2324, 2325, 2326, 2327]"
11847,"[2392, 2393]"
11885,"[2437, 2438, 2439]"
11903,"[2479, 2480]"
11981,"[2552, 2553, 2554]"
12003,"[2572, 2573, 2574]"
12016,"[2650, 2651]"
12078,"[2689, 2690]"
12106,"[2723, 2724]"
12165,"[2775, 2776]"
12172,"[2779, 2780, 2781]"
12252,"[2841, 2842, 2843]"
12279,"[2915, 2916]"
12318,"[2929, 2930, 2931]"
12345,"[2974, 2975]"
12351,"[3009, 3010]"
12448,"[3021, 3022, 3023]"
12461,"[3089, 3090, 3091, 3092]"
12530,"[3170, 3171, 3172, 3173]"
12620,"[3245, 3246, 3247]"
12692,"[3268, 3269, 3270, 3271]"
12752,"[3341, 3342, 3343]"
12829,"[3347, 3348, 3349]"
12905,"[3401, 3402, 3403, 3404]"
12965,"[3493, 3494, 3495]"
13040,"[3576, 3577]"
13053,"[3645, 3646]"
13096,"[3685, 3686, 3687, 3688]"
13189,"[3783, 3784, 3785, 3786]"
13258,"[3862, 3863]"
13334,"[3956, 3957, 3958, 3959]"
13419,"[4006, 4007]"
13490,"[4021, 4022]"
13511,"[4103, 4104]"
13563,"[4160, 4161, 4162, 4163]"
13635,"[4217, 4218, 4219]"
13734,"[4293, 4294]"
13741,"[4376, 4377, 4378]"
13763,"[4450, 4451]"
13836,"[4497, 4498, 4499, 4500]"
13889,"[4527, 4528, 4529, 4530]"
13894,"[4601, 4602, 4603]"
13962,"[4691, 4692, 4693]"
14009,"[4787, 4788, 4789, 4790]"
14089,"[4883, 4884, 4885, 4886]"
14184,"[4926, 4927, 4928, 4929]"
14213,"[4977, 4978, 4979]"
14268,"[5023, 5024, 5025, 5026]"
14309,"[5107, 5108, 5109, 5110]"
14363,"[5146, 5147, 5148]"
14457,"[5202, 5203, 5204]"
14526,"[5217, 5218, 5219, 5220]"
14550,"[5310, 5311, 5312]"
14588,"[5322, 5323, 5324]"
14657,"[5396, 5397, 5398, 5399]"
14695,"[5446, 5447, 5448]"
14721,"[5511, 5512, 5513]"
14803,"[5606, 5607]"
14841,"[5632, 5633, 5634, 5635]"
14901,"[5710, 5711, 5712, 5713]"
14925,"[5732, 5733, 5734]"
14959,"[5751, 5752]"
14986,"[5760, 5761]"
15077,"[5768, 5769]"
15159,"[5859, 5860, 5861]"
15220,"[5911, 5912, 5913]"
15315,"[5948, 5949, 5950]"
15359,"[6002, 6003]"
15448,"[6075, 6076]"
15520,"[6084, 6085, 6086, 6087]"
15540,"[6184, 6185, 6186]"
15586,"[6267, 6268, 6269, 6270]"
15612,"[6315, 6316, 6317, 6318]"
15641,"[6411, 6412, 6413]"
15740,"[6494, 6495]"
15750,"[6578, 6579, 6580]"
15839,"[6597, 6598, 6599, 6600]"
15877,"[6613, 6614, 6615]"
15888,"[6710, 6711, 6712]"
15906,"[6799, 6800, 6801, 6802]"
15960,"[6877, 6878, 6879, 6880]"
16053,"[6949, 6950]"
16104,"[7002, 7003]"
16181,"[7013, 7014, 7015]"
16223,"[7056, 7057, 7058, 7059]"
16291,"[7061, 7062, 7063, 7064]"
16336,"[7108, 7109]"
16414,"[7118, 7119, 7120]"
16464,"[7204, 7205, 7206]"
16536,"[7273, 7274]"
16563,"[7327, 7328, 7329, 7330]"
16654,"[7365, 7366, 7367, 7368]"
16731,"[7437, 7438, 7439]"
16737,"[7517, 7518]"
16795,"[7578, 7579]"
16894,"[7648, 7649, 7650, 7651]"
16963,"[7727, 7728, 7729]"
16967,"[7754, 7755, 7756, 7757]"
17011,"[7828, 7829, 7830]"
17084,"[7898, 7899, 7900]"
17126,"[7917, 7918, 7919, 7920]"
17202,"[7925, 7926, 7927, 7928]"
17302,"[8015, 8016, 8017]"
17340,"[8078, 8079, 8080]"
17387,"[8131, 8132, 8133]"
17409,"[8136, 8137, 8138, 8139]"
17449,"[8192, 8193, 8194, 8195]"
17488,"[8252, 8253, 8254]"
17543,"[8348, 8349]"
17576,"[8445, 8446]"
17591,"[8502, 8503, 8504]"
17639,"[8511, 8512, 8513, 8514]"
17678,"[8537, 8538, 8539, 8540]"
17764,"[8552, 8553, 8554, 8555]"
17833,"[8621, 8622]"
17858,"[8689, 8690, 8691, 8692]"
17889,"[8772, 8773, 8774, 8775]"
17977,"[8821, 8822, 8823]"
18019,"[8838, 8839]"
18075,"[8858, 8859, 8860, 8861]"
18155,"[8870, 8871, 8872]"
18186,"[8936, 8937, 8938, 8939]"
18278,"[8997, 8998, 8999, 9000]"
18370,"[9019, 9020, 9021]"
18416,"[9039, 9040]"
18501,"[9111, 9112]"
18533,"[9186, 9187, 9188]"
18591,"[9230, 9231, 9232, 9233]"
18638,"[9270, 9271]"
18729,"[9347, 9348]"
18771,"[9389, 9390, 9391, 9392]"
18856,"[9483, 9484]"
18925,"[9526, 9527, 9528, 9529]"
19002,"[9609, 9610, 9611, 9612]"
19044,"[9685, 9686]"
19078,"[9715, 9716, 9717]"
19172,"[9732, 9733, 9734]"
19245,"[9806, 9807, 9808, 9809]"
19288,"[9867, 9868, 9869, 9870]"
19310,"[9958, 9959, 9960]"
19370,"[10012, 10013, 10014, 10015]"
19461,"[10097, 10098, 10099, 10100]"
19481,"[10150, 10151, 10152]"
19561,"[10241, 10242]"
19647,"[10333, 10334, 10335, 10336]"
19668,"[10404, 10405, 10406, 10407]"
19703,"[10488, 10489, 10490]"
19761,"[10586, 10587]"
19843,"[10644, 10645, 10646]"
19903,"[10738, 10739]"
19976,"[10823, 10824, 10825]"
20060,"[10849, 10850, 10851]"
20106,"[10937, 10938, 10939]"
20173,"[11024, 11025, 11026]"
20246,"[11044, 11045]"
20333,"[11056, 11057, 11058]"
20356,"[11079, 11080, 11081]"
20441,"[11174, 11175]"
20514,"[11207, 11208, 11209, 11210]"
20548,"[11220, 11221, 11222, 11223]"
20554,"[11289, 11290, 11291, 11292]"
20650,"[11317, 11318, 11319, 11320]"
20663,"[11353, 11354, 11355]"
20672,"[11423, 11424, 11425]"
20711,"[11518, 11519, 11520, 11521]"
20755,"[11592, 11593]"
20822,"[11631, 11632]"
20918,"[11714, 11715]"
20955,"[11750, 11751]"
20968,"[11827, 11828, 11829]"
21022,"[11923, 11924]"
21111,"[11932, 11933, 11934, 11935]"
21132,"[12013, 12014]"
21166,"[12063, 12064, 12065, 12066]"
21188,"[12111, 12112, 12113, 12114]"
21267,"[12130, 12131]"
21351,"[12145, 12146, 12147, 12148]"
21382,"[12198, 12199, 12200, 12201]"
21418,"[12294, 12295, 12296, 12297]"
21470,"[12382, 12383, 12384, 12385]"
21559,"[12456, 12457, 12458, 12459]"
21579,"[12483, 12484, 12485, 12486]"
21651,"[12532, 12533]"
21709,"[12591, 12592, 12593]"
21797,"[12671, 12672]"
21837,"[12733, 12734, 12735, 12736]"
21891,"[12749, 12750, 12751]"
21929,"[12798, 12799, 12800]"
21935,"[12857, 12858]"
22015,"[12934, 12935, 12936, 12937]"
22093,"[12953, 12954, 12955]"
22193,"[13028, 13029]"
22266,"[13089, 13090]"
22311,"[13139, 13140]"
22366,"[13181, 13182, 13183, 13184]"
22401,"[13218, 13219, 13220, 13221]"
22415,"[13233, 13234]"
22445,"[13247, 13248, 13249, 13250]"
22487,"[13278, 13279, 13280]"
22557,"[13300, 13301]"
22564,"[13342, 13343, 13344, 13345]"
22622,"[13369, 13370, 13371, 13372]"
22690,"[13390, 13391]"
22740,"[13451, 13452, 13453]"
22814,"[13461, 13462]"
22822,"[13531, 13532, 13533]"
22890,"[13581, 13582, 13583, 13584]"
22948,"[13665, 13666]"
23036,"[13747, 13748, 13749, 13750]"
23114,"[13794, 13795, 13796, 13797]"
23190,"[13884, 13885]"
23228,"[13974, 13975]"
23309,"[14073, 14074, 14075]"
23402,"[14156, 14157, 14158, 14159]"
23500,"[14167, 14168, 14169]"
23579,"[14176, 14177, 14178, 14179]"
23620,"[14232, 14233, 14234, 14235]"
23712,"[14259, 14260, 14261, 14262]"
23775,"[14272, 14273, 14274, 14275]"
23809,"[14356, 14357, 14358, 14359]"
23859,"[14361, 14362, 14363]"
23884,"[14451, 14452, 14453]"
23953,"[14518, 14519]"
23996,"[14617, 14618, 14619]"
24055,"[14669, 14670]"
24067,"[14700, 14701]"
24078,"[14705, 14706]"
24116,"[14746, 14747]"
24191,"[14839, 14840]"
24218,"[14870, 14871]"
24229,"[14914, 14915]"
24262,"[14923, 14924]"
24322,"[14950, 14951, 14952, 14953]"
24340,"[14965, 14966, 14967, 14968]"
24376,"[14994, 14995, 14996]"
24391,"[15051, 15052, 15053, 15054]"
24478,"[15070, 15071, 15072]"
24534,"[15132, 15133, 15134]"
24610,"[15153, 15154]"
24692,"[15188, 15189, 15190]"
24756,"[15231, 15232, 15233]"
24773,"[15254, 15255, 15256]"
24845,"[15261, 15262, 15263, 15264]"
24929,"[15352, 15353]"
24940,"[15386, 15387, 15388]"
24950,"[15420, 15421]"
24971,"[15452, 15453]"
24984,"[15494, 15495, 15496]"
25062,"[15564, 15565]"
25121,"[15576, 15577, 15578]"
25148,"[15585, 15586, 15587, 15588]"
25179,"[15600, 15601, 15602, 15603]"
25273,"[15608, 15609]"
25339,"[15618, 15619, 15620, 15621]"
25428,"[15661, 15662, 15663, 15664]"
25514,"[15707, 15708, 15709]"
25550,"[15749, 15750, 15751, 15752]"
25581,"[15789, 15790, 15791]"
25603,"[15837, 15838, 15839, 15840]"
25696,"[15867, 15868]"
25794,"[15879, 15880, 15881]"
25887,"[15923, 15924, 15925, 15926]"
25948,"[15948, 15949, 15950, 15951]"
25999,"[15999, 16000]"
26059,"[16048, 16049]"
26109,"[16124, 16125]"
26186,"[16155, 16156, 16157, 16158]"
26216,"[16210, 16211, 16212, 16213]"
26299,"[16282, 16283, 16284]"
26361,"[16350, 16351, 16352, 16353]"
26404,"[16429, 16430, 16431, 16432]"
26491,"[16499, 16500, 16501]"
26563,"[16559, 16560, 16561]"
26590,"[16623, 16624, 16625]"
26690,"[16648, 16649, 16650, 16651]"
26723,"[16710, 16711, 16712]"
26786,"[16756, 16757, 16758]"
26868,"[16854, 16855, 16856]"
26889,"[16935, 16936, 16937, 16938]"
26912,"[16954, 16955]"
26965,"[17019, 17020, 17021]"
27051,"[17097, 17098, 17099]"
27078,"[17157, 17158, 17159, 17160]"
27122,"[17202, 17203, 17204]"
27167,"[17269, 17270]"
27201,"[17341, 17342]"
27249,"[17390, 17391, 17392]"
27303,"[17482, 17483, 17484, 17485]"
27351,"[17564, 17565, 17566]"
27367,"[17623, 17624, 17625]"
27389,"[17676, 17677]"
27461,"[17698, 17699, 17700, 17701]"
27554,"[17791, 17792]"
27586,"[17823, 17824, 17825, 17826]"
27601,"[17845, 17846, 17847]"
27613,"[17899, 17900]"
27709,"[17992, 17993]"
27722,"[18008, 18009, 18010]"
27811,"[18048, 18049]"
27840,"[18058, 18059, 18060, 18061]"
27894,"[18121, 18122, 18123]"
27933,"[18179, 18180]"
28001,"[18241, 18242]"
28086,"[18325, 18326, 18327]"
28106,"[18348, 18349, 18350]"
28118,"[18447, 18448, 18449, 18450]"
28186,"[18463, 18464, 18465, 18466]"
28267,"[18536, 18537, 18538, 18539]"
28349,"[18631, 18632]"
28367,"[18722, 18723, 18724]"
28401,"[18737, 18738, 18739]"
28476,"[18780, 18781]"
28514,"[18823, 18824, 18825, 18826]"
28540,"[18922, 18923, 18924, 18925]"
28567,"[18967, 18968, 18969, 18970]"
28623,"[19059, 19060, 19061]"
28641,"[19110, 19111]"
28658,"[19178, 19179]"
28753,"[19183, 19184]"
28816,"[19221, 19222, 19223, 19224]"
28822,"[19297, 19298, 19299, 19300]"
28905,"[19382, 19383, 19384, 19385]"
28995,"[19393, 19394]"
29014,"[19468, 19469]"
29047,"[19497, 19498, 19499, 19500]"
29082,"[19510, 19511, 19512]"
29164,"[19551, 19552]"
29191,"[19581, 19582, 19583]"
29248,"[19631, 19632]"
29298,"[19643, 19644]"
29390,"[19735, 19736, 19737, 19738]"
29472,"[19739, 19740, 19741, 19742]"
29557,"[19792, 19793, 19794]"
29650,"[19876, 19877]"
29685,"[19941, 19942, 19943]"
29740,"[20014, 20015, 20016, 20017]"
29799,"[20099, 20100, 20101, 20102]"
29857,"[20136, 20137, 20138, 20139]"
29952,"[20209, 20210, 20211]"
29989,"[20309, 20310, 20311]"
30083,"[20361, 20362, 20363]"
30094,"[20417, 20418, 20419]"
30108,"[20459, 20460]"
30121,"[20468, 20469]"
30205,"[20516, 20517, 20518]"
30277,"[20561, 20562, 20563]"
30313,"[20650, 20651]"
30350,"[20703, 20704, 20705, 20706]"
30363,"[20748, 20749, 20750]"
30395,"[20844, 20845, 20846]"
30442,"[20858, 20859, 20860]"
30537,"[20933, 20934, 20935]"
30568,"[21004, 21005]"
30652,"[21062, 21063, 21064, 21065]"
30694,"[21082, 21083]"
30779,"[21102, 21103, 21104]"
30805,"[21173, 21174, 21175, 21176]"
30842,"[21201, 21202, 21203, 21204]"
30905,"[21240, 21241, 21242, 21243]"
30915,"[21285, 21286, 21287]"
31012,"[21363, 21364, 21365, 21366]"
31050,"[21443, 21444, 21445]"
31092,"[21514, 21515]"
31157,"[21537, 21538, 21539, 21540]"
31236,"[21598, 21599]"
31248,"[21616, 21617, 21618, 21619]"
31299,"[21676, 21677, 21678]"
31352,"[21752, 21753, 21754]"
31365,"[21758, 21759, 21760, 21761]"
31451,"[21792, 21793, 21794]"
31541,"[21800, 21801, 21802]"
31636,"[21861, 21862]"
31676,"[21896, 21897, 21898, 21899]"
31764,"[21924, 21925, 21926]"
31815,"[21980, 21981]"
31891,"[22046, 22047]"
31930,"[22052, 22053, 22054, 22055]"
32025,"[22145, 22146]"
32057,"[22191, 22192, 22193, 22194]"
32086,"[22245, 22246, 22247, 22248]"
32157,"[22271, 22272]"
32238,"[22365, 22366, 22367]"
32298,"[22411, 22412, 22413, 22414]"
32397,"[22468, 22469, 22470, 22471]"
32465,"[22566, 22567, 22568]"
32519,"[22641, 22642]"
32556,"[22646, 22647, 22648]"
32580,"[22684, 22685]"
32606,"[22695, 22696, 22697]"
32613,"[22707, 22708]"
32660,"[22751, 22752]"
32756,"[22809, 22810, 22811, 22812]"
32855,"[22868, 22869, 22870, 22871]"
32899,"[22947, 22948]"
32948,"[23029, 23030]"
32990,"[23053, 23054, 23055]"
33038,"[23148, 23149]"
33061,"[23178, 23179, 23180]"
33141,"[23226, 23227]"
33156,"[23229, 23230, 23231, 23232]"
33229,"[23300, 23301]"
33242,"[23397, 23398]"
33326,"[23489, 23490, 23491, 23492]"
33332,"[23581, 23582, 23583, 23584]"
33376,"[23680, 23681]"
33434,"[23735, 23736]"
33509,"[23815, 23816]"
33531,"[23854, 23855, 23856]"
33609,"[23934, 23935, 23936]"
33682,"[24014, 24015]"
33750,"[24098, 24099, 24100, 24101]"
33848,"[24141, 24142]"
33884,"[24146, 24147]"
33901,"[24162, 24163]"
33937,"[24218, 24219, 24220]"
34019,"[24300, 24301, 24302, 24303]"
34095,"[24389, 24390, 24391, 24392]"
34195,"[24400, 24401, 24402]"
34269,"[24444, 24445]"
34355,"[24474, 24475, 24476, 24477]"
34416,"[24490, 24491, 24492, 24493]"
34438,"[24566, 24567, 24568]"
34487,"[24652, 24653, 24654]"
34582,"[24720, 24721, 24722, 24723]"
34616,"[24772, 24773, 24774, 24775]"
34637,"[24832, 24833]"
34695,"[24886, 24887, 24888]"
34745,"[24981, 24982]"
34752,"[25012, 25013, 25014]"
34758,"[25038, 25039, 25040]"
34858,"[25066, 25067, 25068]"
34905,"[25145, 25146, 25147]"
34954,"[25227, 25228, 25229]"
34994,"[25321, 25322, 25323, 25324]"
35054,"[25363, 25364, 25365]"
35077,"[25460, 25461, 25462]"
35144,"[25477, 25478]"
35186,"[25517, 25518, 25519]"
35207,"[25576, 25577, 25578]"
35244,"[25600, 25601, 25602]"
35340,"[25625, 25626, 25627]"
35350,"[25696, 25697]"
35433,"[25779, 25780, 25781]"
35467,"[25861, 25862, 25863, 25864]"
35481,"[25869, 25870, 25871, 25872]"
35563,"[25901, 25902]"
35630,"[25953, 25954, 25955]"
35689,"[25963, 25964, 25965]"
35769,"[25992, 25993, 25994, 25995]"
35795,"[26027, 26028, 26029]"
35885,"[26081, 26082, 26083]"
35977,"[26140, 26141, 26142]"
36003,"[26176, 26177, 26178]"
36077,"[26181, 26182, 26183]"
36124,"[26198, 26199]"
36150,"[26289, 26290, 26291, 26292]"
36246,"[26297, 26298]"
36256,"[26395, 26396]"
36271,"[26475, 26476, 26477, 26478]"
36360,"[26512, 26513, 26514]"
36395,"[26600, 26601, 26602, 26603]"
36434,"[26670, 26671]"
36451,"[26701, 26702]"
36538,"[26786, 26787, 26788]"
36569,"[26871, 26872, 26873]"
36624,"[26920, 26921, 26922]"
36689,"[27004, 27005]"
36751,"[27046, 27047, 27048]"
36809,"[27147, 27148]"
36823,"[27243, 27244, 27245]"
36833,"[27301, 27302, 27303, 27304]"
36898,"[27356, 27357]"
36950,"[27440, 27441]"
37041,"[27475, 27476]"
37092,"[27515, 27516]"
37112,"[27527, 27528]"
37125,"[27555, 27556]"
37192,"[27590, 27591]"
37274,"[27670, 27671, 27672, 27673]"
37325,"[27684, 27685, 27686, 27687]"
37389,"[27745, 27746]"
37463,"[27822, 27823, 27824, 27825]"
37539,"[27850, 27851, 27852]"
37563,"[27939, 27940]"
37625,"[27966, 27967, 27968, 27969]"
37640,"[28053, 28054, 28055, 28056]"
37733,"[28064, 28065, 28066]"
37738,"[28127, 28128]"
37807,"[28193, 28194, 28195]"
37841,"[28262, 28263, 28264, 28265]"
37870,"[28348, 28349, 28350, 28351]"
37922,"[28440, 28441, 28442, 28443]"
37978,"[28473, 28474, 28475]"
38060,"[28551, 28552]"
38131,"[28636, 28637, 28638, 28639]"
38152,"[28711, 28712]"
38207,"[28774, 28775]"
38285,"[28822, 28823, 28824]"
38328,"[28914, 28915, 28916, 28917]"
38374,"[28962, 28963]"
38454,"[29023, 29024, 29025, 29026]"
38525,"[29063, 29064]"
38545,"[29162, 29163, 29164]"
38553,"[29216, 29217]"
38586,"[29286, 29287]"
38634,"[29297, 29298, 29299, 29300]"
38657,"[29318, 29319, 29320]"
38685,"[29339, 29340]"
38693,"[29418, 29419, 29420]"
38788,"[29477, 29478, 29479]"
38829,"[29540, 29541, 29542, 29543]"
38839,"[29608, 29609, 29610]"
38937,"[29689, 29690, 29691, 29692]"
38976,"[29717, 29718, 29719]"
39024,"[29731, 29732, 29733, 29734]"
39096,"[29794, 29795]"
39187,"[29861, 29862]"
39199,"[29948, 29949, 29950, 29951]"
39286,"[29962, 29963, 29964]"
39334,"[30054, 30055, 30056]"
39428,"[30123, 30124, 30125]"
39439,"[30212, 30213]"
39502,"[30269, 30270, 30271, 30272]"
39561,"[30290, 30291, 30292]"
39573,"[30370, 30371]"
39607,"[30463, 30464, 30465]"
39632,"[30496, 30497, 30498, 30499]"
39655,"[30572, 30573]"
39705,"[30616, 30617, 30618, 30619]"
39767,"[30625, 30626, 30627]"
39832,"[30667, 30668]"
39927,"[30684, 30685]"
39962,"[30747, 30748, 30749]"
40002,"[30809, 30810, 30811, 30812]"
40032,"[30904, 30905]"
40074,"[30999, 31000, 31001]"
40101,"[31086, 31087]"
40142,"[31122, 31123, 31124, 31125]"
40238,"[31216, 31217]"
40331,"[31305, 31306, 31307, 31308]"
40362,"[31374, 31375, 31376]"
40421,"[31463, 31464, 31465]"
40451,"[31551, 31552, 31553, 31554]"
40534,"[31609, 31610, 31611]"
40595,"[31701, 31702]"
40631,"[31794, 31795, 31796]"
40663,"[31815, 31816, 31817]"
40701,"[31820, 31821, 31822]"
40799,"[31908, 31909, 31910, 31911]"
40898,"[32000, 32001, 32002]"
40941,"[32007, 32008, 32009, 32010]"
41025,"[32038, 32039, 32040, 32041]"
41033,"[32059, 32060, 32061]"
41058,"[32100, 32101, 32102]"
41065,"[32184, 32185]"
41114,"[32261, 32262, 32263]"
41142,"[32265, 32266, 32267, 32268]"
41183,"[32281, 32282, 32283]"
41212,"[32294, 32295, 32296, 32297]"
41256,"[32319, 32320, 32321]"
41324,"[32380, 32381]"
41328,"[32405, 32406, 32407]"
41349,"[32418, 32419, 32420, 32421]"
41434,"[32517, 32518, 32519, 32520]"
41493,"[32583, 32584]"
41553,"[32613, 32614, 32615]"
41632,"[32703, 32704, 32705, 32706]"
41715,"[32759, 32760]"
41789,"[32793, 32794, 32795, 32796]"
41813,"[32850, 32851, 32852]"
41881,"[32866, 32867, 32868, 32869]"
41976,"[32898, 32899, 32900]"
42045,"[32905, 32906, 32907]"
42068,"[32967, 32968]"
42151,"[33010, 33011, 33012]"
42238,"[33088, 33089]"
42262,"[33176, 33177, 33178, 33179]"
42347,"[33202, 33203, 33204]"
42389,"[33274, 33275, 33276, 33277]"
42408,"[33317, 33318, 33319]"
42494,"[33322, 33323]"
42564,"[33419, 33420, 33421]"
42597,"[33430, 33431]"
42628,"[33487, 33488, 33489, 33490]"
42714,"[33549, 33550, 33551]"
42734,"[33619, 33620, 33621]"
42751,"[33623, 33624, 33625]"
42784,"[33631, 33632]"
42832,"[33727, 33728, 33729]"
42894,"[33819, 33820]"
42928,"[33842, 33843, 33844, 33845]"
42990,"[33921, 33922]"
43043,"[33963, 33964]"
43109,"[34005, 34006, 34007, 34008]"
43178,"[34039, 34040]"
43235,"[34096, 34097]"
43297,"[34154, 34155]"
43353,"[34161, 34162, 34163]"
43370,"[34253, 34254, 34255]"
43450,"[34265, 34266]"
43474,"[34307, 34308]"
43545,"[34373, 34374, 34375]"
43636,"[34414, 34415]"
43717,"[34494, 34495]"
43730,"[34541, 34542, 34543, 34544]"
43766,"[34638, 34639, 34640]"
43826,"[34690, 34691]"
43919,"[34753, 34754, 34755, 34756]"
43983,"[34835, 34836, 34837]"
44050,"[34855, 34856, 34857]"
44062,"[34945, 34946, 34947, 34948]"
44067,"[35033, 35034, 35035]"
44103,"[35098, 35099, 35100, 35101]"
44155,"[35117, 35118, 35119, 35120]"
44216,"[35189, 35190, 35191]"
44282,"[35230, 35231, 35232]"
44330,"[35289, 35290, 35291, 35292]"
44381,"[35298, 35299, 35300]"
44387,"[35335, 35336, 35337]"
44460,"[35374, 35375, 35376]"
44520,"[35418, 35419, 35420]"
44543,"[35447, 35448, 35449, 35450]"
44636,"[35537, 35538, 35539]"
44725,"[35627, 35628, 35629]"
44737,"[35660, 35661]"
44766,"[35671, 35672, 35673]"
44839,"[35686, 35687]"
44896,"[35699, 35700, 35701, 35702]"
44971,"[35731, 35732, 35733]"
44990,"[35820, 35821, 35822, 35823]"
45044,"[35834, 35835, 35836]"
45104,"[35887, 35888, 35889, 35890]"
45169,"[35942, 35943]"
45206,"[36030, 36031]"
45210,"[36075, 36076]"
45300,"[36127, 36128, 36129, 36130]"
45366,"[36216, 36217]"
45442,"[36292, 36293]"
45508,"[36365, 36366, 36367, 36368]"
45512,"[36423, 36424, 36425]"
45595,"[36431, 36432]"
45653,"[36465, 36466, 36467, 36468]"
45704,"[36503, 36504]"
45799,"[36550, 36551, 36552]"
45851,"[36623, 36624]"
45943,"[36685, 36686, 36687, 36688]"
45956,"[36711, 36712, 36713]"
45983,"[36743, 36744, 36745, 36746]"
46045,"[36825, 36826]"
46074,"[36853, 36854, 36855]"
46158,"[36932, 36933, 36934]"
46249,"[36947, 36948, 36949]"
46302,"[36971, 36972]"
46330,"[37005, 37006, 37007, 37008]"
46338,"[37067, 37068, 37069, 37070]"
46356,"[37167, 37168, 37169]"
46401,"[37176, 37177, 37178, 37179]"
46471,"[37188, 37189]"
46540,"[37232, 37233]"
46544,"[37283, 37284]"
46552,"[37289, 37290, 37291]"
46599,"[37367, 37368, 37369, 37370]"
46614,"[37420, 37421]"
46649,"[37451, 37452, 37453, 37454]"
46700,"[37467, 37468]"
46775,"[37505, 37506, 37507, 37508]"
46831,"[37537, 37538, 37539]"
46844,"[37589, 37590, 37591]"
46925,"[37659, 37660]"
46942,"[37746, 37747, 37748]"
46973,"[37824, 37825, 37826, 37827]"
47028,"[37864, 37865]"
47122,"[37926, 37927]"
47161,"[37962, 37963]"
47208,"[38006, 38007]"
47277,"[38077, 38078, 38079]"
47325,"[38161, 38162]"
47391,"[38225, 38226]"
47462,"[38325, 38326]"
47487,"[38405, 38406, 38407, 38408]"
47501,"[38438, 38439, 38440]"
47550,"[38532, 38533, 38534, 38535]"
47647,"[38541, 38542, 38543, 38544]"
47693,"[38613, 38614, 38615, 38616]"
47752,"[38647, 38648, 38649]"
47772,"[38696, 38697, 38698]"
47861,"[38718, 38719, 38720, 38721]"
47911,"[38777, 38778, 38779]"
47971,"[38847, 38848, 38849]"
48003,"[38922, 38923, 38924, 38925]"
48052,"[38970, 38971, 38972, 38973]"
48090,"[39071, 39072]"
48125,"[39109, 39110, 39111]"
48166,"[39189, 39190, 39191, 39192]"
48215,"[39266, 39267, 39268]"
48250,"[39327, 39328]"
48341,"[39389, 39390, 39391, 39392]"
48408,"[39448, 39449, 39450, 39451]"
48423,"[39534, 39535]"
48496,"[39622, 39623, 39624]"
48505,"[39643, 39644]"
48586,"[39704, 39705]"
48673,"[39792, 39793]"
48760,"[39869, 39870, 39871, 39872]"
48821,"[39945, 39946]"
48895,"[39963, 39964]"
48939,"[40016, 40017, 40018, 40019]"
49016,"[40032, 40033]"
49030,"[40039, 40040]"
49101,"[40062, 40063, 40064]"
49186,"[40098, 40099, 40100]"
49244,"[40150, 40151]"
49270,"[40201, 40202, 40203]"
49358,"[40281, 40282]"
49436,"[40283, 40284, 40285, 40286]"
49525,"[40308, 40309, 40310, 40311]"
49540,"[40371, 40372]"
49617,"[40464, 40465, 40466]"
49715,"[40559, 40560, 40561]"
49771,"[40588, 40589, 40590]"
49780,"[40620, 40621, 40622, 40623]"
49832,"[40702, 40703]"
49905,"[40793, 40794, 40795, 40796]"
50000,"[40876, 40877, 40878]"
50069,"[40928, 40929]"
50105,"[41018, 41019, 41020]"
50162,"[41048, 41049, 41050]"
50250,"[41136, 41137, 41138]"
50348,"[41180, 41181, 41182]"
50356,"[41259, 41260]"
50391,"[41307, 41308, 41309]"
50427,"[41313, 41314]"
50480,"[41341, 41342, 41343, 41344]"
50565,"[41405, 41406, 41407]"
50583,"[41459, 41460]"
50683,"[41462, 41463, 41464]"
50736,"[41492, 41493]"
50801,"[41529, 41530, 41531, 41532]"
50872,"[41588, 41589]"
50924,"[41627, 41628, 41629, 41630]"
50967,"[41690, 41691]"
50997,"[41771, 41772]"
51087,"[41824, 41825, 41826]"
51135,"[41871, 41872, 41873, 41874]"
51147,"[41906, 41907, 41908]"
51167,"[41912, 41913, 41914, 41915]"
51260,"[41920, 41921, 41922]"
51320,"[41962, 41963, 41964, 41965]"
51406,"[42057, 42058, 42059]"
51469,"[42115, 42116, 42117]"
51558,"[42156, 42157]"
51642,"[42217, 42218, 42219, 42220]"
51715,"[42264, 42265, 42266, 42267]"
51811,"[42336, 42337, 42338]"
51829,"[42348, 42349, 42350]"
51884,"[42375, 42376]"
51949,"[42398, 42399, 42400]"
51964,"[42479, 42480, 42481, 42482]"
51985,"[42579, 42580]"
52057,"[42620, 42621, 42622]"
52093,"[42695, 42696, 42697, 42698]"
52144,"[42784, 42785, 42786]"
52213,"[42793, 42794]"
52228,"[42881, 42882, 42883, 42884]"
52306,"[42951, 42952, 42953, 42954]"
52365,"[43037, 43038]"
52394,"[43046, 43047, 43048]"
52422,"[43069, 43070, 43071, 43072]"
52443,"[43121, 43122, 43123, 43124]"
52457,"[43181, 43182, 43183]"
52467,"[43193, 43194]"
52559,"[43214, 43215, 43216]"
52603,"[43313, 43314, 43315, 43316]"
52611,"[43337, 43338]"
52625,"[43356, 43357, 43358]"
52704,"[43382, 43383, 43384, 43385]"
52745,"[43451, 43452, 43453, 43454]"
52816,"[43520, 43521, 43522, 43523]"
52899,"[43536, 43537]"
52908,"[43569, 43570, 43571]"
53008,"[43623, 43624, 43625, 43626]"
53031,"[43715, 43716, 43717]"
53120,"[43720, 43721, 43722, 43723]"
53184,"[43734, 43735]"
53257,"[43817, 43818, 43819, 43820]"
53329,"[43822, 43823, 43824]"
53339,"[43913, 43914, 43915]"
53401,"[43988, 43989, 43990, 43991]"
53405,"[44067, 44068]"
53471,"[44085, 44086, 44087]"
53551,"[44101, 44102, 44103, 44104]"
53569,"[44178, 44179, 44180, 44181]"
53609,"[44238, 44239, 44240, 44241]"
53672,"[44318, 44319, 44320]"
53680,"[44393, 44394, 44395, 44396]"
53777,"[44488, 44489, 44490, 44491]"
53790,"[44544, 44545, 44546]"
53824,"[44592, 44593]"
53890,"[44636, 44637, 44638]"
53898,"[44695, 44696, 44697]"
53980,"[44778, 44779, 44780]"
53991,"[44783, 44784, 44785, 44786]"
54052,"[44829, 44830, 44831]"
54135,"[44859, 44860, 44861, 44862]"
54195,"[44899, 44900, 44901]"
54272,"[44977, 44978, 44979, 44980]"
54317,"[45049, 45050]"
54378,"[45080, 45081, 45082, 45083]"
54431,"[45115, 45116, 45117, 45118]"
54508,"[45192, 45193]"
54581,"[45239, 45240, 45241]"
54680,"[45329, 45330]"
54775,"[45418, 45419, 45420]"
54804,"[45473, 45474, 45475]"
54824,"[45553, 45554, 45555]"
54838,"[45627, 45628, 45629]"
54846,"[45710, 45711]"
54870,"[45806, 45807, 45808, 45809]"
54954,"[45874, 45875, 45876]"
54964,"[45922, 45923, 45924]"
55008,"[45989, 45990, 45991]"
55085,"[46061, 46062, 46063, 46064]"
55102,"[46118, 46119, 46120, 46121]"
55179,"[46193, 46194, 46195, 46196]"
55268,"[46225, 46226, 46227]"
55294,"[46274, 46275, 46276]"
55307,"[46370, 46371]"
55392,"[46389, 46390, 46391]"
55459,"[46488, 46489, 46490]"
55502,"[46526, 46527, 46528, 46529]"
55599,"[46577, 46578, 46579, 46580]"
55649,"[46595, 46596]"
55725,"[46644, 46645]"
55729,"[46720, 46721, 46722]"
55756,"[46781, 46782]"
55775,"[46867, 46868]"
55785,"[46948, 46949]"
55867,"[46999, 47000, 47001]"
55884,"[47081, 47082, 47083]"
55980,"[47108, 47109, 47110, 47111]"
56076,"[47131, 47132]"
56137,"[47139, 47140]"
56148,"[47188, 47189, 47190, 47191]"
56228,"[47260, 47261, 47262, 47263]"
56237,"[47308, 47309]"
56323,"[47379, 47380, 47381]"
56390,"[47451, 47452, 47453]"
56471,"[47544, 47545, 47546, 47547]"
56560,"[47597, 47598, 47599, 47600]"
56636,"[47629, 47630]"
56677,"[47677, 47678, 47679]"
56741,"[47684, 47685, 47686, 47687]"
56783,"[47742, 47743, 47744, 47745]"
56834,"[47761, 47762]"
56904,"[47841, 47842]"
56959,"[47895, 47896, 47897]"
57036,"[47983, 47984, 47985, 47986]"
57054,"[48064, 48065]"
57064,"[48094, 48095, 48096]"
57104,"[48117, 48118, 48119, 48120]"
57132,"[48136, 48137, 48138, 48139]"
57225,"[48146, 48147, 48148]"
57243,"[48192, 48193]"
57343,"[48275, 48276, 48277, 48278]"
57396,"[48331, 48332, 48333]"
57477,"[48392, 48393]"
57513,"[48435, 48436]"
57562,"[48520, 48521, 48522, 48523]"
57662,"[48552, 48553, 48554]"
57693,"[48588, 48589, 48590, 48591]"
57781,"[48601, 48602, 48603]"
57866,"[48696, 48697]"
57965,"[48745, 48746]"
58051,"[48826, 48827, 48828]"
58135,"[48837, 48838, 48839]"
58193,"[48863, 48864, 48865]"
58200,"[48925, 48926, 48927]"
58296,"[49011, 49012, 49013, 49014]"
58342,"[49049, 49050, 49051]"
58371,"[49103, 49104]"
58440,"[49114, 49115]"
58516,"[49197, 49198]"
58538,"[49229, 49230]"
58567,"[49275, 49276, 49277, 49278]"
58610,"[49336, 49337]"
58679,"[49412, 49413]"
58738,"[49434, 49435, 49436, 49437]"
58792,"[49464, 49465]"
58867,"[49483, 49484]"
58930,"[49521, 49522]"
58973,"[49583, 49584]"
59052,"[49600, 49601, 49602, 49603]"
59129,"[49668, 49669, 49670]"
59192,"[49702, 49703, 49704]"
59281,"[49729, 49730]"
59308,"[49800, 49801]"
59339,"[49855, 49856, 49857, 49858]"
59372,"[49912, 49913, 49914, 49915]"
59468,"[49947, 49948]"
59551,"[50035, 50036, 50037, 50038]"
59611,"[50131, 50132, 50133, 50134]"
59686,"[50217, 50218, 50219]"
59697,"[50232, 50233, 50234]"
59744,"[50281, 50282]"
59777,"[50336, 50337, 50338]"
59839,"[50394, 50395, 50396, 50397]"
59860,"[50404, 50405]"
59904,"[50445, 50446, 50447, 50448]"
60003,"[50450, 50451, 50452, 50453]"
60054,"[50533, 50534, 50535, 50536]"
60080,"[50565, 50566, 50567, 50568]"
60127,"[50589, 50590]"
60222,"[50603, 50604, 50605, 50606]"
60302,"[50635, 50636, 50637]"
60335,"[50667, 50668, 50669]"
60384,"[50746, 50747, 50748, 50749]"
60433,"[50819, 50820, 50821, 50822]"
60449,"[50907, 50908, 50909, 50910]"
60538,"[50994, 50995, 50996]"
60613,"[51049, 51050, 51051, 51052]"
60640,"[51136, 51137, 51138]"
60728,"[51177, 51178, 51179]"
60774,"[51252, 51253]"
60841,"[51312, 51313, 51314, 51315]"
60938,"[51336, 51337, 51338]"
60973,"[51417, 51418, 51419, 51420]"
61051,"[51473, 51474, 51475]"
61141,"[51483, 51484, 51485, 51486]"
61208,"[51546, 51547]"
61279,"[51552, 51553, 51554, 51555]"
61298,"[51631, 51632]"
61373,"[51643, 51644, 51645, 51646]"
61468,"[51732, 51733, 51734, 51735]"
61555,"[51832, 51833, 51834, 51835]"
61560,"[51899, 51900, 51901]"
61652,"[51974, 51975]"
61697,"[52002, 52003, 52004, 52005]"
61708,"[52081, 52082, 52083, 52084]"
61718,"[52142, 52143]"
61766,"[52193, 52194, 52195, 52196]"
61790,"[52222, 52223, 52224, 52225]"
61888,"[52322, 52323, 52324]"
61924,"[52334, 52335]"
61931,"[52360, 52361]"
62021,"[52386, 52387, 52388, 52389]"
62111,"[52462, 52463, 52464]"
62118,"[52489, 52490, 52491, 52492]"
62214,"[52507, 52508, 52509, 52510]"
62303,"[52544, 52545]"
62346,"[52557, 52558]"
62418,"[52562, 52563, 52564, 52565]"
62471,"[52620, 52621]"
62492,"[52692, 52693]"
62589,"[52756, 52757, 52758, 52759]"
62600,"[52810, 52811, 52812, 52813]"
62612,"[52909, 52910, 52911]"
62691,"[52947, 52948, 52949, 52950]"
62761,"[52953, 52954, 52955]"
62783,"[52982, 52983, 52984, 52985]"
62798,"[52993, 52994, 52995]"
62861,"[53076, 53077]"
62871,"[53115, 53116, 53117, 53118]"
62958,"[53145, 53146]"
62964,"[53196, 53197, 53198]"
63010,"[53218, 53219, 53220, 53221]"
63021,"[53265, 53266]"
63049,"[53316, 53317, 53318, 53319]"
63067,"[53353, 53354, 53355, 53356]"
63108,"[53410, 53411, 53412, 53413]"
63163,"[53423, 53424]"
63168,"[53445, 53446, 53447, 53448]"
63193,"[53541, 53542]"
63267,"[53544, 53545, 53546, 53547]"
63353,"[53623, 53624, 53625, 53626]"
63441,"[53654, 53655, 53656, 53657]"
63471,"[53675, 53676, 53677]"
63521,"[53710, 53711, 53712]"
63534,"[53760, 53761, 53762, 53763]"
63624,"[53770, 53771, 53772]"
63681,"[53797, 53798, 53799, 53800]"
63718,"[53823, 53824, 53825]"
63784,"[53893, 53894]"
63794,"[53904, 53905, 53906]"
63845,"[53951, 53952]"
63919,"[53987, 53988]"
64015,"[54050, 54051, 54052]"
64034,"[54076, 54077]"
64079,"[54092, 54093]"
64084,"[54148, 54149, 54150, 54151]"
64097,"[54232, 54233, 54234, 54235]"
64134,"[54262, 54263, 54264, 54265]"
64161,"[54288, 54289, 54290, 54291]"
64201,"[54364, 54365, 54366, 54367]"
64278,"[54448, 54449, 54450]"
64288,"[54497, 54498]"
64361,"[54545, 54546, 54547]"
64412,"[54590, 54591, 54592, 54593]"
64492,"[54656, 54657, 54658]"
64574,"[54672, 54673]"
64625,"[54700, 54701, 54702, 54703]"
64654,"[54751, 54752, 54753, 54754]"
64717,"[54840, 54841, 54842]"
64765,"[54895, 54896, 54897, 54898]"
64810,"[54921, 54922, 54923]"
64814,"[55010, 55011, 55012]"
64856,"[55022, 55023]"
64953,"[55074, 55075, 55076]"
64957,"[55080, 55081, 55082]"
65041,"[55129, 55130, 55131, 55132]"
65099,"[55162, 55163]"
65172,"[55245, 55246]"
65226,"[55261, 55262]"
65298,"[55323, 55324, 55325]"
65396,"[55374, 55375, 55376]"
65422,"[55463, 55464]"
65520,"[55514, 55515, 55516, 55517]"
65570,"[55532, 55533, 55534]"
65585,"[55603, 55604, 55605]"
65637,"[55666, 55667, 55668]"
65721,"[55759, 55760, 55761]"
65812,"[55826, 55827, 55828, 55829]"
65838,"[55887, 55888, 55889, 55890]"
65920,"[55917, 55918, 55919, 55920]"
65974,"[56006, 56007, 56008, 56009]"
66060,"[56083, 56084]"
66096,"[56112, 56113, 56114, 56115]"
66170,"[56197, 56198, 56199, 56200]"
66243,"[56214, 56215, 56216]"
66292,"[56256, 56257]"
66375,"[56339, 56340]"
66404,"[56346, 56347, 56348, 56349]"
66482,"[56439, 56440]"
66508,"[56496, 56497]"
66530,"[56545, 56546, 56547, 56548]"
66627,"[56602, 56603, 56604, 56605]"
66662,"[56667, 56668, 56669, 56670]"
66727,"[56701, 56702]"
66820,"[56715, 56716, 56717, 56718]"
66831,"[56798, 56799, 56800]"
66868,"[56838, 56839, 56840]"
66897,"[56871, 56872, 56873, 56874]"
66993,"[56914, 56915]"
67010,"[57011, 57012]"
67019,"[57055, 57056, 57057, 57058]"
67110,"[57149, 57150, 57151, 57152]"
67151,"[57197, 57198]"
67186,"[57226, 57227, 57228]"
67229,"[57310, 57311, 57312, 57313]"
67234,"[57394, 57395]"
67271,"[57442, 57443]"
67324,"[57492, 57493, 57494, 57495]"
67409,"[57557, 57558, 57559, 57560]"
67502,"[57635, 57636, 57637, 57638]"
67544,"[57721, 57722, 57723, 57724]"
67586,"[57818, 57819, 57820]"
67660,"[57856, 57857]"
67714,"[57899, 57900, 57901, 57902]"
67751,"[57980, 57981, 57982, 57983]"
67783,"[58015, 58016, 58017]"
67794,"[58018, 58019, 58020, 58021]"
67802,"[58084, 58085]"
67858,"[58155, 58156]"
67863,"[58248, 58249, 58250, 58251]"
67889,"[58293, 58294, 58295, 58296]"
67896,"[58326, 58327]"
67934,"[58394, 58395, 58396, 58397]"
67963,"[58421, 58422, 58423, 58424]"
68005,"[58452, 58453]"
68072,"[58495, 58496, 58497]"
68085,"[58558, 58559, 58560]"
68150,"[58650, 58651, 58652]"
68166,"[58684, 58685]"
68205,"[58721, 58722, 58723, 58724]"
68228,"[58788, 58789]"
68324,"[58848, 58849]"
68346,"[58928, 58929, 58930, 58931]"
68391,"[58980, 58981]"
68476,"[58986, 58987]"
68503,"[59035, 59036]"
68568,"[59120, 59121, 59122]"
68589,"[59200, 59201, 59202]"
68619,"[59279, 59280]"
68628,"[59333, 59334, 59335]"
68660,"[59361, 59362, 59363]"
68741,"[59455, 59456, 59457, 59458]"
68753,"[59472, 59473, 59474]"
68809,"[59509, 59510]"
68818,"[59607, 59608, 59609]"
68857,"[59668, 59669, 59670]"
68905,"[59762, 59763, 59764]"
68924,"[59808, 59809, 59810]"
68950,"[59884, 59885]"
68977,"[59964, 59965, 59966, 59967]"
69076,"[59971, 59972, 59973]"
69090,"[60047, 60048]"
69098,"[60128, 60129]"
69105,"[60220, 60221]"
69156,"[60279, 60280, 60281, 60282]"
69235,"[60310, 60311, 60312]"
69275,"[60402, 60403]"
69301,"[60473, 60474]"
69357,"[60498, 60499]"
69380,"[60538, 60539]"
69400,"[60593, 60594]"
69420,"[60654, 60655, 60656, 60657]"
69477,"[60718, 60719]"
69562,"[60788, 60789, 60790, 60791]"
69636,"[60814, 60815, 60816, 60817]"
69718,"[60841, 60842, 60843, 60844]"
69745,"[60935, 60936, 60937, 60938]"
69812,"[61023, 61024, 61025, 61026]"
69849,"[61119, 61120, 61121]"
69916,"[61128, 61129, 61130, 61131]"
69967,"[61177, 61178, 61179]"
69975,"[61191, 61192]"
70058,"[61195, 61196, 61197]"
70125,"[61276, 61277]"
70213,"[61285, 61286, 61287, 61288]"
70228,"[61329, 61330]"
70283,"[61358, 61359]"
70374,"[61445, 61446]"
70458,"[61480, 61481, 61482, 61483]"
70521,"[61487, 61488, 61489, 61490]"
70556,"[61494, 61495, 61496]"
70632,"[61571, 61572, 61573]"
70680,"[61665, 61666, 61667]"
70768,"[61697, 61698, 61699, 61700]"
70773,"[61766, 61767, 61768, 61769]"
70863,"[61809, 61810, 61811]"
70937,"[61882, 61883, 61884, 61885]"
70998,"[61980, 61981, 61982]"
71002,"[61990, 61991, 61992]"
71066,"[62075, 62076]"
71101,"[62125, 62126, 62127, 62128]"
71149,"[62213, 62214]"
71157,"[62267, 62268]"
71187,"[62356, 62357, 62358, 62359]"
71218,"[62383, 62384, 62385, 62386]"
71296,"[62432, 62433, 62434, 62435]"
71320,"[62467, 62468]"
71334,"[62496, 62497]"
71379,"[62527, 62528, 62529]"
71413,"[62575, 62576, 62577, 62578]"
71420,"[62592, 62593, 62594, 62595]"
71460,"[62622, 62623, 62624]"
71535,"[62707, 62708, 62709]"
71623,"[62761, 62762, 62763]"
71671,"[62816, 62817]"
71748,"[62911, 62912]"
71841,"[62994, 62995]"
71857,"[63068, 63069, 63070, 63071]"
71932,"[63117, 63118, 63119, 63120]"
71976,"[63147, 63148, 63149, 63150]"
71997,"[63203, 63204]"
72053,"[63251, 63252, 63253, 63254]"
72115,"[63337, 63338, 63339]"
72181,"[63352, 63353]"
72202,"[63409, 63410, 63411]"
72282,"[63471, 63472, 63473, 63474]"
72340,"[63571, 63572, 63573]"
72365,"[63597, 63598, 63599]"
72462,"[63607, 63608]"
72555,"[63622, 63623]"
72592,"[63717, 63718, 63719]"
72643,"[63789, 63790, 63791]"
72668,"[63865, 63866, 63867]"
72708,"[63928, 63929, 63930, 63931]"
72804,"[63950, 63951]"
72879,"[64017, 64018, 64019]"
72942,"[64032, 64033, 64034, 64035]"
73023,"[64053, 64054, 64055, 64056]"
73120,"[64151, 64152, 64153, 64154]"
73125,"[64179, 64180, 64181, 64182]"
73142,"[64223, 64224, 64225]"
73238,"[64250, 64251]"
73335,"[64345, 64346]"
73366,"[64349, 64350]"
73388,"[64351, 64352, 64353, 64354]"
73437,"[64432, 64433]"
73536,"[64482, 64483, 64484]"
73564,"[64497, 64498, 64499, 64500]"
73599,"[64558, 64559, 64560, 64561]"
73608,"[64628, 64629, 64630]"
73679,"[64696, 64697, 64698]"
73722,"[64736, 64737]"
73773,"[64808, 64809, 64810, 64811]"
73787,"[64868, 64869, 64870, 64871]"
73857,"[64900, 64901, 64902]"
73904,"[64974, 64975]"
73989,"[65000, 65001, 65002, 65003]"
74074,"[65058, 65059, 65060]"
74148,"[65125, 65126]"
74221,"[65138, 65139, 65140, 65141]"
74287,"[65202, 65203, 65204]"
74363,"[65293, 65294, 65295]"
74384,"[65330, 65331, 65332]"
74409,"[65426, 65427]"
74414,"[65441, 65442, 65443, 65444]"
74514,"[65468, 65469]"
74577,"[65503, 65504, 65505]"
74594,"[65559, 65560, 65561, 65562]"
74643,"[65652, 65653, 65654]"
74739,"[65692, 65693, 65694, 65695]"
74772,"[65727, 65728]"
74838,"[65766, 65767, 65768, 65769]"
74842,"[65811, 65812, 65813, 65814]"
74874,"[65883, 65884, 65885, 65886]"
74956,"[65943, 65944]"
75044,"[65967, 65968, 65969, 65970]"
75062,"[66045, 66046]"
75129,"[66063, 66064, 66065, 66066]"
75183,"[66117, 66118, 66119, 66120]"
75259,"[66153, 66154, 66155]"
75279,"[66213, 66214]"
75369,"[66277, 66278]"
75421,"[66289, 66290, 66291]"
75440,"[66317, 66318, 66319, 66320]"
75493,"[66369, 66370, 66371, 66372]"
75516,"[66455, 66456]"
75532,"[66504, 66505, 66506]"
75560,"[66558, 66559, 66560]"
75587,"[66617, 66618, 66619, 66620]"
75641,"[66688, 66689, 66690, 66691]"
75741,"[66768, 66769]"
75749,"[66868, 66869]"
75760,"[66894, 66895, 66896]"
75779,"[66991, 66992, 66993]"
75811,"[67088, 67089, 67090, 67091]"
75907,"[67188, 67189, 67190]"
76005,"[67198, 67199, 67200, 67201]"
76105,"[67212, 67213]"
76205,"[67302, 67303]"
76292,"[67336, 67337]"
76363,"[67409, 67410, 67411]"
76394,"[67500, 67501, 67502, 67503]"
76465,"[67575, 67576]"
76504,"[67660, 67661]"
76566,"[67668, 67669, 67670, 67671]"
76587,"[67713, 67714, 67715]"
76605,"[67723, 67724, 67725]"
76627,"[67796, 67797, 67798]"
76635,"[67855, 67856, 67857]"
76734,"[67919, 67920, 67921, 67922]"
76816,"[67956, 67957]"
76857,"[68031, 68032, 68033, 68034]"
76911,"[68055, 68056]"
76978,"[68147, 68148]"
77047,"[68190, 68191, 68192]"
77071,"[68247, 68248, 68249]"
77113,"[68284, 68285, 68286]"
77139,"[68354, 68355, 68356, 68357]"
77202,"[68385, 68386, 68387]"
77245,"[68389, 68390, 68391]"
77285,"[68483, 68484]"
77299,"[68560, 68561]"
77331,"[68608, 68609, 68610, 68611]"
77367,"[68669, 68670, 68671]"
77461,"[68745, 68746, 68747, 68748]"
77478,"[68795, 68796]"
77506,"[68844, 68845, 68846, 68847]"
77550,"[68852, 68853, 68854, 68855]"
77643,"[68883, 68884, 68885]"
77700,"[68910, 68911]"
77741,"[68923, 68924, 68925]"
77773,"[69007, 69008]"
77813,"[69043, 69044, 69045]"
77822,"[69084, 69085]"
77843,"[69171, 69172, 69173]"
77889,"[69187, 69188, 69189]"
77948,"[69241, 69242]"
77976,"[69292, 69293, 69294, 69295]"
78026,"[69348, 69349]"
78049,"[69436, 69437, 69438, 69439]"
78103,"[69463, 69464, 69465]"
78179,"[69491, 69492]"
78244,"[69514, 69515, 69516, 69517]"
78320,"[69552, 69553, 69554]"
78380,"[69618, 69619]"
78428,"[69646, 69647, 69648]"
78484,"[69701, 69702, 69703, 69704]"
78498,"[69767, 69768]"
78558,"[69817, 69818, 69819]"
78562,"[69863, 69864, 69865]"
78655,"[69912, 69913, 69914]"
78752,"[69972, 69973, 69974]"
78760,"[69977, 69978]"
78849,"[69987, 69988, 69989, 69990]"
78924,"[70084, 70085, 70086, 70087]"
78966,"[70095, 70096, 70097, 70098]"
79056,"[70136, 70137]"
79153,"[70187, 70188, 70189]"
79253,"[70240, 70241]"
79353,"[70298, 70299]"
79381,"[70353, 70354, 70355, 70356]"
79395,"[70402, 70403, 70404]"
79407,"[70433, 70434, 70435]"
79412,"[70494, 70495, 70496, 70497]"
79477,"[70585, 70586]"
79522,"[70650, 70651, 70652]"
79557,"[70680, 70681, 70682]"
79655,"[70752, 70753]"
79664,"[70780, 70781, 70782, 70783]"
79747,"[70827, 70828]"
79766,"[70841, 70842]"
79782,"[70844, 70845, 70846, 70847]"
79853,"[70879, 70880, 70881]"
79858,"[70888, 70889, 70890, 70891]"
79946,"[70983, 70984, 70985]"
79970,"[71060, 71061, 71062, 71063]"
80048,"[71081, 71082]"
80091,"[71156, 71157, 71158]"
80186,"[71247, 71248, 71249]"
80219,"[71340, 71341, 71342]"
80294,"[71369, 71370]"
80328,"[71412, 71413]"
80358,"[71489, 71490, 71491]"
80420,"[71502, 71503]"
80509,"[71530, 71531, 71532, 71533]"
80588,"[71551, 71552, 71553]"
80621,"[71580, 71581, 71582]"
80685,"[71618, 71619]"
80742,"[71631, 71632, 71633, 71634]"
80798,"[71671, 71672, 71673]"
80817,"[71723, 71724]"
80834,"[71729, 71730, 71731, 71732]"
80917,"[71740, 71741, 71742]"
80922,"[71825, 71826, 71827, 71828]"
81008,"[71911, 71912, 71913]"
81095,"[72002, 72003, 72004]"
81154,"[72018, 72019, 72020, 72021]"
81241,"[72072, 72073]"
81260,"[72081, 72082, 72083, 72084]"
81347,"[72169, 72170, 72171]"
81410,"[72221, 72222]"
81473,"[72268, 72269]"
81483,"[72283, 72284, 72285]"
81496,"[72342, 72343, 72344]"
81577,"[72359, 72360, 72361]"
81667,"[72369, 72370, 72371, 72372]"
81750,"[72429, 72430, 72431, 72432]"
81816,"[72523, 72524, 72525]"
81906,"[72536, 72537, 72538, 72539]"
81948,"[72626, 72627]"
82016,"[72655, 72656, 72657]"
82100,"[72745, 72746]"
82189,"[72789, 72790, 72791, 72792]"
82285,"[72852, 72853, 72854]"
82310,"[72879, 72880, 72881]"
82398,"[72883, 72884, 72885, 72886]"
82432,"[72929, 72930]"
82444,"[73028, 73029, 73030]"
82537,"[73064, 73065, 73066, 73067]"
82587,"[73119, 73120, 73121]"
82666,"[73174, 73175, 73176]"
82747,"[73188, 73189, 73190]"
82845,"[73247, 73248, 73249, 73250]"
82871,"[73312, 73313]"
82915,"[73332, 73333]"
82975,"[73421, 73422, 73423, 73424]"
83050,"[73457, 73458, 73459]"
83124,"[73477, 73478, 73479]"
83146,"[73511, 73512, 73513, 73514]"
83229,"[73604, 73605, 73606]"
83267,"[73659, 73660, 73661]"
83350,"[73704, 73705, 73706]"
83382,"[73801, 73802, 73803, 73804]"
83411,"[73887, 73888, 73889, 73890]"
83427,"[73963, 73964, 73965]"
83446,"[73994, 73995, 73996]"
83481,"[74026, 74027, 74028, 74029]"
83522,"[74036, 74037]"
83547,"[74103, 74104, 74105, 74106]"
83613,"[74164, 74165, 74166, 74167]"
83690,"[74248, 74249]"
83751,"[74343, 74344]"
83829,"[74397, 74398]"
83837,"[74444, 74445]"
83902,"[74453, 74454, 74455]"
83960,"[74493, 74494, 74495]"
84044,"[74524, 74525]"
84060,"[74619, 74620, 74621, 74622]"
84116,"[74695, 74696, 74697, 74698]"
84134,"[74709, 74710]"
84154,"[74767, 74768, 74769]"
84212,"[74811, 74812]"
84221,"[74871, 74872, 74873]"
84262,"[74955, 74956]"
84273,"[75029, 75030, 75031, 75032]"
84356,"[75034, 75035, 75036]"
84361,"[75089, 75090, 75091, 75092]"
84396,"[75093, 75094, 75095, 75096]"
84404,"[75107, 75108, 75109, 75110]"
84409,"[75182, 75183, 75184, 75185]"
84483,"[75201, 75202, 75203, 75204]"
84538,"[75226, 75227, 75228]"
84638,"[75308, 75309, 75310, 75311]"
84701,"[75409, 75410, 75411]"
84739,"[75434, 75435]"
84750,"[75451, 75452, 75453, 75454]"
84838,"[75501, 75502, 75503]"
84843,"[75578, 75579, 75580]"
84886,"[75584, 75585, 75586, 75587]"
84914,"[75630, 75631, 75632, 75633]"
85009,"[75667, 75668, 75669, 75670]"
85018,"[75737, 75738, 75739, 75740]"
85048,"[75744, 75745, 75746]"
85105,"[75775, 75776]"
85181,"[75807, 75808]"
85214,"[75866, 75867, 75868]"
85247,"[75941, 75942, 75943]"
85293,"[76003, 76004, 76005, 76006]"
85344,"[76023, 76024]"
85434,"[76046, 76047]"
85499,"[76130, 76131, 76132]"
85507,"[76181, 76182]"
85528,"[76198, 76199]"
85606,"[76244, 76245]"
85657,"[76318, 76319, 76320, 76321]"
85756,"[76376, 76377, 76378]"
85764,"[76421, 76422, 76423]"
85795,"[76506, 76507]"
85830,"[76570, 76571, 76572, 76573]"
85852,"[76597, 76598, 76599]"
85894,"[76635, 76636, 76637, 76638]"
85922,"[76718, 76719, 76720]"
85943,"[76792, 76793, 76794]"
85965,"[76801, 76802, 76803, 76804]"
86021,"[76897, 76898, 76899]"
86083,"[76918, 76919]"
86135,"[76931, 76932, 76933]"
86139,"[76973, 76974, 76975]"
86208,"[77047, 77048]"
86269,"[77075, 77076, 77077]"
86295,"[77143, 77144]"
86299,"[77173, 77174, 77175]"
86357,"[77194, 77195]"
86449,"[77288, 77289, 77290]"
86484,"[77330, 77331, 77332, 77333]"
86578,"[77415, 77416]"
86626,"[77436, 77437]"
86637,"[77529, 77530]"
86683,"[77597, 77598, 77599]"
86702,"[77627, 77628, 77629, 77630]"
86775,"[77700, 77701, 77702, 77703]"
86819,"[77706, 77707, 77708, 77709]"
86897,"[77717, 77718]"
86965,"[77721, 77722, 77723, 77724]"
87037,"[77730, 77731, 77732]"
87121,"[77816, 77817, 77818]"
87156,"[77845, 77846, 77847]"
87168,"[77876, 77877, 77878, 77879]"
87256,"[77940, 77941, 77942]"
87335,"[77970, 77971, 77972]"
87397,"[78030, 78031, 78032]"
87496,"[78074, 78075, 78076, 78077]"
87583,"[78172, 78173]"
87656,"[78221, 78222]"
87668,"[78305, 78306, 78307, 78308]"
87727,"[78356, 78357, 78358]"
87823,"[78434, 78435, 78436, 78437]"
87921,"[78511, 78512, 78513]"
88019,"[78577, 78578, 78579, 78580]"
88047,"[78673, 78674, 78675, 78676]"
88098,"[78681, 78682, 78683, 78684]"
88171,"[78734, 78735]"
88199,"[78785, 78786, 78787]"
88266,"[78853, 78854, 78855]"
88311,"[78907, 78908, 78909]"
88357,"[78969, 78970]"
88380,"[78971, 78972, 78973, 78974]"
88410,"[79057, 79058]"
88483,"[79110, 79111, 79112]"
88524,"[79184, 79185, 79186]"
88576,"[79224, 79225]"
88669,"[79294, 79295, 79296, 79297]"
88757,"[79303, 79304]"
88846,"[79338, 79339]"
88926,"[79345, 79346, 79347, 79348]"
89009,"[79378, 79379, 79380]"
89049,"[79383, 79384]"
89079,"[79410, 79411, 79412]"
89124,"[79478, 79479]"
89200,"[79506, 79507]"
89208,"[79514, 79515, 79516, 79517]"
89232,"[79544, 79545]"
89289,"[79587, 79588, 79589]"
89386,"[79641, 79642, 79643, 79644]"
89440,"[79695, 79696, 79697]"
89536,"[79714, 79715]"
89613,"[79738, 79739, 79740, 79741]"
89663,"[79793, 79794, 79795, 79796]"
89744,"[79891, 79892, 79893, 79894]"
89810,"[79944, 79945]"
89893,"[80006, 80007]"
89956,"[80023, 80024, 80025, 80026]"
89998,"[80080, 80081, 80082]"
90016,"[80106, 80107, 80108]"
90092,"[80166, 80167]"
90141,"[80229, 80230, 80231]"
90215,"[80309, 80310]"
90290,"[80326, 80327]"
90323,"[80423, 80424, 80425, 80426]"
90363,"[80518, 80519]"
90447,"[80531, 80532, 80533]"
90537,"[80565, 80566, 80567, 80568]"
90567,"[80659, 80660, 80661, 80662]"
90653,"[80679, 80680, 80681]"
90709,"[80690, 80691, 80692]"
90714,"[80718, 80719]"
90747,"[80725, 80726, 80727, 80728]"
90795,"[80737, 80738]"
90826,"[80801, 80802]"
90893,"[80832, 80833]"
90978,"[80888, 80889]"
91058,"[80923, 80924, 80925]"
91068,"[80938, 80939, 80940, 80941]"
91124,"[80955, 80956]"
91216,"[80963, 80964, 80965, 80966]"
91315,"[80995, 80996, 80997, 80998]"
91352,"[81065, 81066, 81067]"
91410,"[81099, 81100, 81101, 81102]"
91433,"[81162, 81163, 81164]"
91485,"[81208, 81209]"
91578,"[81242, 81243, 81244]"
91599,"[81288, 81289, 81290, 81291]"
91616,"[81369, 81370]"
91678,"[81399, 81400, 81401, 81402]"
91709,"[81495, 81496, 81497, 81498]"
91808,"[81521, 81522, 81523]"
91833,"[81600, 81601, 81602]"
91909,"[81656, 81657, 81658, 81659]"
91961,"[81684, 81685, 81686, 81687]"
92032,"[81762, 81763, 81764]"
92132,"[81776, 81777]"
92214,"[81829, 81830, 81831, 81832]"
92254,"[81890, 81891, 81892, 81893]"
92317,"[81926, 81927]"
92417,"[81991, 81992]"
92463,"[82028, 82029]"
92532,"[82044, 82045, 82046]"
92570,"[82108, 82109, 82110, 82111]"
92614,"[82172, 82173, 82174, 82175]"
92631,"[82209, 82210, 82211, 82212]"
92730,"[82269, 82270, 82271, 82272]"
92742,"[82356, 82357]"
92821,"[82369, 82370, 82371]"
92855,"[82447, 82448, 82449, 82450]"
92942,"[82488, 82489, 82490]"
92992,"[82503, 82504, 82505, 82506]"
93048,"[82517, 82518, 82519, 82520]"
93147,"[82526, 82527, 82528]"
93175,"[82607, 82608, 82609]"
93183,"[82676, 82677, 82678]"
93246,"[82771, 82772, 82773, 82774]"
93270,"[82792, 82793]"
93364,"[82844, 82845, 82846, 82847]"
93424,"[82855, 82856, 82857]"
93476,"[82893, 82894, 82895]"
93554,"[82987, 82988, 82989, 82990]"
93645,"[83064, 83065, 83066]"
93722,"[83160, 83161, 83162]"
93781,"[83204, 83205, 83206, 83207]"
93827,"[83230, 83231]"
93867,"[83302, 83303, 83304, 83305]"
93888,"[83386, 83387, 83388, 83389]"
93955,"[83447, 83448]"
93986,"[83528, 83529, 83530, 83531]"
94007,"[83596, 83597, 83598, 83599]"
94019,"[83604, 83605, 83606]"
94063,"[83692, 83693, 83694, 83695]"
94083,"[83759, 83760, 83761]"
94130,"[83823, 83824, 83825, 83826]"
94163,"[83889, 83890]"
94253,"[83910, 83911, 83912]"
94270,"[83998, 83999, 84000]"
94299,"[84073, 84074, 84075, 84076]"
94391,"[84113, 84114, 84115, 84116]"
94456,"[84159, 84160]"
94518,"[84245, 84246, 84247, 84248]"
94564,"[84285, 84286, 84287]"
94569,"[84368, 84369, 84370]"
94609,"[84422, 84423]"
94675,"[84521, 84522, 84523]"
94729,"[84588, 84589, 84590, 84591]"
94736,"[84647, 84648]"
94756,"[84712, 84713, 84714]"
94848,"[84720, 84721, 84722, 84723]"
94918,"[84801, 84802]"
94985,"[84857, 84858, 84859]"
95001,"[84891, 84892, 84893]"
95090,"[84895, 84896, 84897]"
95155,"[84992, 84993]"
95180,"[85013, 85014, 85015, 85016]"
95275,"[85042, 85043]"
95345,"[85113, 85114, 85115]"
95388,"[85154, 85155, 85156, 85157]"
95458,"[85226, 85227, 85228, 85229]"
95467,"[85274, 85275]"
95486,"[85336, 85337, 85338]"
95574,"[85379, 85380]"
95665,"[85442, 85443]"
95724,"[85451, 85452, 85453]"
95801,"[85457, 85458, 85459]"
95883,"[85483, 85484]"
95937,"[85558, 85559, 85560]"
95945,"[85594, 85595, 85596, 85597]"
96014,"[85618, 85619, 85620, 85621]"
96048,"[85624, 85625]"
96074,"[85679, 85680]"
96171,"[85753, 85754]"
96259,"[85788, 85789, 85790]"
96303,"[85877, 85878, 85879, 85880]"
96386,"[85958, 85959, 85960, 85961]"
96396,"[86008, 86009, 86010, 86011]"
96420,"[86034, 86035, 86036, 86037]"
96494,"[86120, 86121, 86122]"
96579,"[86134, 86135, 86136, 86137]"
96619,"[86200, 86201]"
96682,"[86240, 86241, 86242, 86243]"
96689,"[86298, 86299, 86300]"
96774,"[86305, 86306, 86307, 86308]"
96793,"[86398, 86399]"
96872,"[86475, 86476]"
96886,"[86543, 86544, 86545, 86546]"
96967,"[86630, 86631, 86632]"
96985,"[86716, 86717, 86718, 86719]"
97008,"[86771, 86772, 86773]"
97078,"[86824, 86825]"
97157,"[86920, 86921, 86922]"
97241,"[86942, 86943, 86944, 86945]"
97337,"[86950, 86951]"
97355,"[87013, 87014, 87015]"
97417,"[87041, 87042, 87043, 87044]"
97515,"[87066, 87067]"
97590,"[87126, 87127, 87128, 87129]"
97673,"[87148, 87149, 87150]"
97741,"[87200, 87201]"
97745,"[87235, 87236, 87237, 87238]"
97814,"[87272, 87273, 87274]"
97850,"[87324, 87325, 87326]"
97866,"[87418, 87419, 87420]"
97965,"[87508, 87509, 87510, 87511]"
98048,"[87589, 87590]"
98098,"[87617, 87618]"
98115,"[87661, 87662, 87663]"
98147,"[87686, 87687]"
98159,"[87778, 87779]"
98211,"[87815, 87816, 87817]"
98257,"[87899, 87900]"
98268,"[87935, 87936]"
98339,"[88005, 88006, 88007]"
98368,"[88102, 88103, 88104]"
98398,"[88170, 88171, 88172]"
98469,"[88265, 88266]"
98502,"[88274, 88275, 88276, 88277]"
98512,"[88339, 88340, 88341, 88342]"
98583,"[88393, 88394]"
98587,"[88421, 88422, 88423]"
98665,"[88460, 88461, 88462]"
98755,"[88543, 88544, 88545, 88546]"
98832,"[88555, 88556, 88557, 88558]"
98928,"[88582, 88583, 88584, 88585]"
98952,"[88639, 88640, 88641, 88642]"
99032,"[88687, 88688, 88689]"
99060,"[88730, 88731, 88732, 88733]"
99113,"[88761, 88762, 88763]"
99161,"[88829, 88830, 88831]"
99261,"[88870, 88871, 88872]"
99329,"[88898, 88899]"
99389,"[88968, 88969, 88970, 88971]"
99421,"[89048, 89049, 89050, 89051]"
99469,"[89056, 89057]"
99522,"[89096, 89097]"
99576,"[89137, 89138]"
99673,"[89229, 89230]"
99697,"[89235, 89236]"
99701,"[89277, 89278]"
99795,"[89309, 89310, 89311]"
99838,"[89318, 89319, 89320]"
99850,"[89381, 89382, 89383, 89384]"
99863,"[89452, 89453]"
99918,"[89548, 89549]"
99953,"[89555, 89556, 89557, 89558]"
100046,"[89605, 89606, 89607]"
100104,"[89615, 89616, 89617]"
100203,"[89637, 89638, 89639]"
100207,"[89657, 89658, 89659]"
100290,"[89673, 89674, 89675, 89676]"
100378,"[89766, 89767, 89768]"
100394,"[89827, 89828]"
100442,"[89852, 89853, 89854, 89855]"
100542,"[89916, 89917, 89918, 89919]"
100567,"[89956, 89957]"
100642,"[89999, 90000, 90001]"
100665,"[90044, 90045, 90046, 90047]"
100759,"[90109, 90110, 90111, 90112]"
100769,"[90138, 90139, 90140, 90141]"
100843,"[90210, 90211, 90212, 90213]"
100880,"[90225, 90226, 90227]"
100958,"[90295, 90296, 90297]"
101002,"[90393, 90394, 90395]"
101034,"[90410, 90411, 90412]"
101045,"[90446, 90447, 90448]"
101081,"[90537, 90538, 90539]"
101158,"[90544, 90545]"
101241,"[90595, 90596, 90597, 90598]"
101292,"[90637, 90638]"
101349,"[90653, 90654]"
101436,"[90734, 90735]"
101474,"[90801, 90802, 90803, 90804]"
101508,"[90848, 90849, 90850, 90851]"
101529,"[90936, 90937]"
101576,"[90967, 90968]"
101611,"[91029, 91030, 91031]"
101708,"[91110, 91111]"
101778,"[91190, 91191]"
101817,"[91220, 91221]"
101847,"[91300, 91301, 91302]"
101920,"[91381, 91382]"
102000,"[91448, 91449, 91450]"
102026,"[91513, 91514]"
102120,"[91533, 91534, 91535]"
102204,"[91600, 91601, 91602, 91603]"
102245,"[91663, 91664, 91665]"
102333,"[91708, 91709]"
102401,"[91741, 91742, 91743]"
102442,"[91751, 91752]"
102508,"[91784, 91785, 91786]"
102544,"[91883, 91884, 91885, 91886]"
102598,"[91943, 91944, 91945]"
102611,"[92035, 92036, 92037, 92038]"
102657,"[92126, 92127, 92128]"
102741,"[92191, 92192, 92193, 92194]"
102760,"[92261, 92262, 92263]"
102772,"[92271, 92272, 92273, 92274]"
102812,"[92280, 92281]"
102847,"[92282, 92283, 92284, 92285]"
102907,"[92379, 92380, 92381, 92382]"
102914,"[92386, 92387, 92388]"
102993,"[92470, 92471, 92472, 92473]"
103006,"[92480, 92481, 92482]"
103083,"[92543, 92544, 92545, 92546]"
103111,"[92581, 92582, 92583, 92584]"
103150,"[92616, 92617]"
103200,"[92643, 92644, 92645, 92646]"
103287,"[92730, 92731, 92732, 92733]"
103291,"[92787, 92788, 92789, 92790]"
103380,"[92858, 92859, 92860]"
103452,"[92946, 92947, 92948, 92949]"
103524,"[92994, 92995, 92996, 92997]"
103539,"[93015, 93016, 93017, 93018]"
103566,"[93106, 93107]"
103649,"[93144, 93145, 93146]"
103722,"[93194, 93195, 93196]"
103778,"[93251, 93252]"
103843,"[93289, 93290]"
103869,"[93318, 93319, 93320, 93321]"
103923,"[93362, 93363]"
103978,"[93366, 93367, 93368]"
104026,"[93416, 93417]"
104034,"[93436, 93437]"
104054,"[93534, 93535, 93536, 93537]"
104113,"[93549, 93550]"
104210,"[93632, 93633, 93634, 93635]"
104262,"[93682, 93683]"
104300,"[93722, 93723, 93724]"
104381,"[93785, 93786, 93787]"
104470,"[93884, 93885, 93886]"
104516,"[93931, 93932]"
104587,"[93970, 93971, 93972, 93973]"
104642,"[93990, 93991, 93992]"
104703,"[94033, 94034, 94035]"
104802,"[94040, 94041, 94042]"
104824,"[94126, 94127, 94128]"
104854,"[94151, 94152, 94153]"
104931,"[94174, 94175, 94176]"
104953,"[94197, 94198, 94199, 94200]"
105018,"[94239, 94240, 94241]"
105076,"[94285, 94286, 94287, 94288]"
105156,"[94325, 94326, 94327, 94328]"
105161,"[94358, 94359, 94360]"
105187,"[94376, 94377, 94378, 94379]"
105273,"[94474, 94475, 94476]"
105370,"[94540, 94541]"
105422,"[94606, 94607, 94608]"
105437,"[94701, 94702]"
105476,"[94771, 94772]"
105555,"[94783, 94784]"
105648,"[94791, 94792, 94793, 94794]"
105726,"[94818, 94819]"
105739,"[94915, 94916, 94917, 94918]"
105837,"[94975, 94976, 94977, 94978]"
105904,"[95017, 95018, 95019]"
105913,"[95104, 95105, 95106]"
105944,"[95142, 95143]"
106037,"[95232, 95233, 95234]"
106133,"[95325, 95326, 95327]"
106202,"[95409, 95410, 95411, 95412]"
106241,"[95451, 95452]"
106323,"[95540, 95541, 95542, 95543]"
106390,"[95610, 95611]"
106471,"[95699, 95700, 95701]"
106475,"[95719, 95720, 95721, 95722]"
106510,"[95804, 95805, 95806, 95807]"
106520,"[95870, 95871, 95872, 95873]"
106536,"[95927, 95928]"
106562,"[95938, 95939, 95940, 95941]"
106635,"[95984, 95985, 95986]"
106730,"[96004, 96005]"
106749,"[96024, 96025, 96026]"
106769,"[96102, 96103, 96104, 96105]"
106821,"[96196, 96197, 96198, 96199]"
106876,"[96250, 96251, 96252, 96253]"
106969,"[96350, 96351, 96352, 96353]"
107060,"[96407, 96408]"
107082,"[96413, 96414, 96415]"
107121,"[96416, 96417, 96418, 96419]"
107173,"[96444, 96445, 96446]"
107199,"[96486, 96487]"
107246,"[96516, 96517, 96518]"
107336,"[96545, 96546, 96547]"
107401,"[96551, 96552, 96553]"
107428,"[96646, 96647]"
107519,"[96676, 96677]"
107560,"[96744, 96745]"
107592,"[96828, 96829, 96830, 96831]"
107649,"[96888, 96889, 96890, 96891]"
107745,"[96965, 96966, 96967]"
107835,"[96991, 96992, 96993, 96994]"
107900,"[97078, 97079, 97080]"
107947,"[97160, 97161, 97162, 97163]"
107987,"[97191, 97192]"
108041,"[97199, 97200, 97201, 97202]"
108121,"[97218, 97219]"
108191,"[97312, 97313, 97314, 97315]"
108197,"[97382, 97383]"
108277,"[97406, 97407]"
108324,"[97492, 97493, 97494]"
108349,"[97528, 97529, 97530, 97531]"
108422,"[97569, 97570]"
108463,"[97649, 97650]"
108547,"[97696, 97697, 97698]"
108560,"[97771, 97772]"
108623,"[97832, 97833]"
108631,"[97861, 97862, 97863, 97864]"
108635,"[97899, 97900, 97901, 97902]"
108652,"[97942, 97943, 97944]"
108665,"[97958, 97959, 97960]"
108751,"[98041, 98042]"
108785,"[98060, 98061, 98062, 98063]"
108861,"[98066, 98067]"
108876,"[98156, 98157, 98158]"
108964,"[98235, 98236, 98237, 98238]"
109064,"[98318, 98319]"
109092,"[98406, 98407, 98408]"
109110,"[98415, 98416, 98417]"
109154,"[98502, 98503]"
109226,"[98567, 98568, 98569]"
109321,"[98646, 98647, 98648]"
109396,"[98697, 98698, 98699, 98700]"
109405,"[98714, 98715, 98716, 98717]"
109469,"[98796, 98797, 98798, 98799]"
109480,"[98812, 98813, 98814, 98815]"
109486,"[98872, 98873, 98874, 98875]"
109561,"[98885, 98886]"
109659,"[98961, 98962, 98963, 98964]"
109756,"[98991, 98992]"
109845,"[99059, 99060, 99061, 99062]"
109903,"[99111, 99112, 99113]"
109956,"[99128, 99129]"
109999,"[99136, 99137]"
110023,"[99186, 99187, 99188, 99189]"
110064,"[99220, 99221, 99222, 99223]"
110141,"[99241, 99242, 99243]"
110182,"[99260, 99261]"
110245,"[99292, 99293]"
110320,"[99364, 99365]"
110337,"[99454, 99455]"
110344,"[99482, 99483, 99484, 99485]"
110438,"[99531, 99532, 99533]"
110535,"[99538, 99539, 99540]"
110594,"[99557, 99558]"
110615,"[99652, 99653]"
110655,"[99745, 99746, 99747]"
110699,"[99750, 99751]"
110796,"[99783, 99784, 99785, 99786]"
110885,"[99804, 99805, 99806]"
110979,"[99852, 99853, 99854]"
111046,"[99859, 99860]"
111105,"[99932, 99933]"
111109,"[99941, 99942, 99943, 99944]"
111146,"[99953, 99954, 99955]"
111169,"[100039, 100040, 100041]"
111230,"[100071, 100072]"
111295,"[100108, 100109, 100110, 100111]"
111326,"[100114, 100115, 100116]"
111379,"[100133, 100134, 100135, 100136]"
111408,"[100187, 100188]"
111413,"[100253, 100254]"
111483,"[100257, 100258, 100259]"
111575,"[100316, 100317]"
111645,"[100322, 100323]"
111671,"[100386, 100387, 100388, 100389]"
111768,"[100392, 100393, 100394, 100395]"
111862,"[100399, 100400, 100401]"
111895,"[100444, 100445]"
111911,"[100468, 100469, 100470]"
111923,"[100499, 100500, 100501]"
111959,"[100582, 100583, 100584]"
112009,"[100596, 100597]"
112054,"[100604, 100605, 100606]"
112120,"[100652, 100653, 100654, 100655]"
112198,"[100747, 100748]"
112276,"[100836, 100837, 100838, 100839]"
112366,"[100935, 100936]"
112461,"[100940, 100941]"
112519,"[100966, 100967, 100968, 100969]"
112528,"[101024, 101025]"
112564,"[101036, 101037]"
112592,"[101063, 101064]"
112606,"[101107, 101108]"
112700,"[101114, 101115, 101116]"
112722,"[101140, 101141, 101142, 101143]"
112807,"[101215, 101216, 101217, 101218]"
112868,"[101312, 101313]"
112965,"[101340, 101341, 101342, 101343]"
113006,"[101402, 101403, 101404]"
113032,"[101428, 101429]"
113073,"[101497, 101498, 101499, 101500]"
113161,"[101549, 101550, 101551]"
113260,"[101596, 101597, 101598, 101599]"
113284,"[101638, 101639]"
113373,"[101668, 101669]"
113409,"[101719, 101720, 101721]"
113467,"[101758, 101759, 101760, 101761]"
113539,"[101835, 101836, 101837]"
113573,"[101887, 101888]"
113628,"[101941, 101942, 101943, 101944]"
113686,"[101950, 101951, 101952, 101953]"
113708,"[102035, 102036, 102037]"
113784,"[102085, 102086, 102087, 102088]"
113797,"[102152, 102153]"
113804,"[102217, 102218]"
113876,"[102283, 102284, 102285]"
113918,"[102291, 102292, 102293, 102294]"
113959,"[102322, 102323, 102324, 102325]"
113981,"[102343, 102344, 102345, 102346]"
114040,"[102416, 102417, 102418]"
114091,"[102490, 102491, 102492, 102493]"
114162,"[102502, 102503]"
114185,"[102564, 102565, 102566]"
114242,"[102635, 102636, 102637]"
114253,"[102655, 102656, 102657]"
114261,"[102716, 102717, 102718]"
114301,"[102754, 102755]"
114399,"[102770, 102771]"
114425,"[102776, 102777]"
114488,"[102859, 102860]"
114569,"[102911, 102912]"
114639,"[102978, 102979, 102980]"
114705,"[103028, 103029, 103030, 103031]"
114709,"[103060, 103061]"
114773,"[103068, 103069, 103070, 103071]"
114809,"[103117, 103118, 103119]"
114844,"[103200, 103201]"
114935,"[103206, 103207]"
115034,"[103242, 103243]"
115057,"[103272, 103273, 103274, 103275]"
115099,"[103331, 103332]"
115127,"[103425, 103426, 103427, 103428]"
115159,"[103453, 103454, 103455, 103456]"
115222,"[103515, 103516]"
115314,"[103562, 103563]"
115410,"[103656, 103657]"
115468,"[103743, 103744, 103745]"
115494,"[103808, 103809, 103810]"
115510,"[103893, 103894]"
115520,"[103969, 103970, 103971, 103972]"
115554,"[104019, 104020, 104021, 104022]"
115572,"[104079, 104080, 104081]"
115610,"[104127, 104128, 104129]"
115680,"[104171, 104172]"
115696,"[104221, 104222, 104223, 104224]"
115725,"[104296, 104297, 104298]"
115787,"[104396, 104397, 104398]"
115802,"[104428, 104429]"
115876,"[104475, 104476, 104477, 104478]"
115909,"[104504, 104505, 104506]"
115961,"[104515, 104516, 104517]"
115994,"[104518, 104519, 104520, 104521]"
116007,"[104561, 104562]"
116021,"[104577, 104578, 104579, 104580]"
116057,"[104654, 104655, 104656]"
116071,"[104744, 104745, 104746]"
116080,"[104753, 104754, 104755, 104756]"
116180,"[104852, 104853, 104854]"
116273,"[104911, 104912, 104913, 104914]"
116293,"[104948, 104949]"
116342,"[104956, 104957]"
116367,"[105003, 105004]"
116458,"[105067, 105068, 105069, 105070]"
116506,"[105094, 105095]"
116522,"[105191, 105192]"
116538,"[105214, 105215, 105216]"
116608,"[105256, 105257, 105258]"
116659,"[105264, 105265, 105266, 105267]"
116677,"[105358, 105359, 105360]"
116700,"[105383, 105384, 105385]"
116723,"[105449, 105450, 105451]"
116770,"[105457, 105458, 105459, 105460]"
116800,"[105488, 105489]"
116853,"[105559, 105560, 105561]"
116911,"[105564, 105565, 105566]"
116980,"[105583, 105584, 105585, 105586]"
117016,"[105610, 105611, 105612]"
117032,"[105688, 105689]"
117107,"[105717, 105718, 105719, 105720]"
117116,"[105735, 105736, 105737]"
117147,"[105742, 105743]"
117198,"[105804, 105805]"
117298,"[105829, 105830, 105831, 105832]"
117374,"[105855, 105856, 105857]"
117431,"[105895, 105896, 105897]"
117487,"[105928, 105929, 105930]"
117570,"[105984, 105985, 105986, 105987]"
117646,"[106076, 106077, 106078]"
117661,"[106103, 106104, 106105, 106106]"
117728,"[106166, 106167, 106168, 106169]"
117772,"[106251, 106252]"
117863,"[106291, 106292]"
117904,"[106334, 106335, 106336]"
117963,"[106432, 106433]"
118062,"[106498, 106499, 106500]"
118129,"[106594, 106595]"
118137,"[106680, 106681, 106682, 106683]"
118164,"[106741, 106742]"
118226,"[106811, 106812]"
118286,"[106860, 106861, 106862, 106863]"
118383,"[106872, 106873]"
118413,"[106927, 106928, 106929]"
118485,"[106988, 106989, 106990, 106991]"
118548,"[107063, 107064, 107065]"
118554,"[107110, 107111, 107112]"
118586,"[107155, 107156, 107157]"
118610,"[107189, 107190, 107191]"
118667,"[107282, 107283, 107284]"
118726,"[107374, 107375, 107376, 107377]"
118753,"[107410, 107411]"
118759,"[107487, 107488, 107489]"
118794,"[107548, 107549, 107550, 107551]"
118832,"[107642, 107643, 107644]"
118855,"[107703, 107704]"
118936,"[107760, 107761, 107762, 107763]"
118945,"[107842, 107843]"
118979,"[107902, 107903]"
119062,"[107950, 107951, 107952]"
119085,"[108000, 108001]"
119154,"[108003, 108004, 108005]"
119162,"[108056, 108057]"
119193,"[108154, 108155]"
119197,"[108188, 108189, 108190]"
119275,"[108257, 108258]"
119347,"[108299, 108300]"
119354,"[108349, 108350]"
119405,"[108400, 108401, 108402, 108403]"
119438,"[108428, 108429, 108430]"
119497,"[108460, 108461]"
119563,"[108467, 108468]"
119655,"[108536, 108537, 108538]"
119698,"[108561, 108562, 108563, 108564]"
119762,"[108647, 108648, 108649, 108650]"
119838,"[108712, 108713]"
119932,"[108748, 108749, 108750, 108751]"
120002,"[108803, 108804, 108805]"
120085,"[108867, 108868]"
120117,"[108875, 108876, 108877, 108878]"
120145,"[108893, 108894, 108895, 108896]"
120229,"[108925, 108926, 108927]"
120252,"[108982, 108983]"
120314,"[109063, 109064]"
120392,"[109138, 109139, 109140, 109141]"
120433,"[109181, 109182]"
120475,"[109206, 109207, 109208, 109209]"
120531,"[109249, 109250, 109251]"
120619,"[109333, 109334]"
120675,"[109358, 109359, 109360, 109361]"
120761,"[109449, 109450, 109451]"
120819,"[109514, 109515, 109516, 109517]"
120877,"[109557, 109558, 109559]"
120905,"[109650, 109651, 109652]"
120941,"[109703, 109704, 109705]"
120959,"[109798, 109799]"
121002,"[109841, 109842, 109843]"
121046,"[109922, 109923]"
121055,"[109968, 109969, 109970, 109971]"
121132,"[110049, 110050]"
121174,"[110067, 110068]"
121232,"[110083, 110084]"
121296,"[110167, 110168]"
121347,"[110261, 110262, 110263]"
121368,"[110285, 110286, 110287, 110288]"
121391,"[110357, 110358, 110359, 110360]"
121409,"[110364, 110365, 110366]"
121497,"[110440, 110441, 110442, 110443]"
121514,"[110476, 110477, 110478]"
121535,"[110517, 110518]"
121587,"[110609, 110610, 110611, 110612]"
