companyId,dealIds
20,"[1135, 1136]"
64,"[1151, 1152, 1153]"
135,"[1159, 1160]"
225,"[1190, 1191, 1192, 1193]"
252,"[1208, 1209]"
348,"[1252, 1253, 1254, 1255]"
390,"[1280, 1281, 1282, 1283]"
398,"[1361, 1362]"
491,"[1433, 1434, 1435, 1436]"
557,"[1485, 1486, 1487]"
636,"[1568, 1569]"
641,"[1599, 1600, 1601, 1602]"
679,"[1663, 1664]"
748,"[1759, 1760, 1761, 1762]"
816,"[1789, 1790, 1791]"
888,"[1793, 1794, 1795]"
895,"[1872, 1873, 1874, 1875]"
969,"[1888, 1889, 1890]"
987,"[1927, 1928]"
1023,"[1949, 1950, 1951, 1952]"
1085,"[1992, 1993]"
1138,"[2033, 2034, 2035, 2036]"
1170,"[2040, 2041, 2042]"
1254,"[2071, 2072, 2073, 2074]"
1308,"[2080, 2081]"
1351,"[2090, 2091]"
1359,"[2165, 2166]"
1407,"[2193, 2194, 2195]"
1474,"[2261, 2262, 2263]"
1498,"[2268, 2269]"
1529,"[2324, 2325, 2326, 2327]"
1601,"[2392, 2393]"
1681,"[2437, 2438, 2439]"
1715,"[2479, 2480]"
1732,"[2552, 2553, 2554]"
1779,"[2572, 2573, 2574]"
1853,"[2650, 2651]"
1870,"[2689, 2690]"
1949,"[2723, 2724]"
2022,"[2775, 2776]"
2063,"[2779, 2780, 2781]"
2081,"[2841, 2842, 2843]"
2111,"[2915, 2916]"
2211,"[2929, 2930, 2931]"
2289,"[2974, 2975]"
2344,"[3009, 3010]"
2350,"[3021, 3022, 3023]"
2439,"[3089, 3090, 3091, 3092]"
2480,"[3170, 3171, 3172, 3173]"
2579,"[3245, 3246, 3247]"
2589,"[3268, 3269, 3270, 3271]"
2651,"[3341, 3342, 3343]"
2662,"[3347, 3348, 3349]"
2688,"[3401, 3402, 3403, 3404]"
2773,"[3493, 3494, 3495]"
2870,"[3576, 3577]"
2956,"[3645, 3646]"
3048,"[3685, 3686, 3687, 3688]"
3111,"[3783, 3784, 3785, 3786]"
3163,"[3862, 3863]"
3263,"[3956, 3957, 3958, 3959]"
3316,"[4006, 4007]"
3352,"[4021, 4022]"
3440,"[4103, 4104]"
3494,"[4160, 4161, 4162, 4163]"
3513,"[4217, 4218, 4219]"
3517,"[4293, 4294]"
3598,"[4376, 4377, 4378]"
3627,"[4450, 4451]"
3693,"[4497, 4498, 4499, 4500]"
3733,"[4527, 4528, 4529, 4530]"
3774,"[4601, 4602, 4603]"
3823,"[4691, 4692, 4693]"
3914,"[4787, 4788, 4789, 4790]"
4012,"[4883, 4884, 4885, 4886]"
4105,"[4926, 4927, 4928, 4929]"
4176,"[4977, 4978, 4979]"
4259,"[5023, 5024, 5025, 5026]"
4265,"[5107, 5108, 5109, 5110]"
4291,"[5146, 5147, 5148]"
4382,"[5202, 5203, 5204]"
4481,"[5217, 5218, 5219, 5220]"
4496,"[5310, 5311, 5312]"
4509,"[5322, 5323, 5324]"
4607,"[5396, 5397, 5398, 5399]"
4689,"[5446, 5447, 5448]"
4726,"[5511, 5512, 5513]"
4761,"[5606, 5607]"
4774,"[5632, 5633, 5634, 5635]"
4871,"[5710, 5711, 5712, 5713]"
4892,"[5732, 5733, 5734]"
4987,"[5751, 5752]"
4998,"[5760, 5761]"
5065,"[5768, 5769]"
5091,"[5859, 5860, 5861]"
5191,"[5911, 5912, 5913]"
5237,"[5948, 5949, 5950]"
5315,"[6002, 6003]"
5326,"[6075, 6076]"
5397,"[6084, 6085, 6086, 6087]"
5436,"[6184, 6185, 6186]"
5474,"[6267, 6268, 6269, 6270]"
5532,"[6315, 6316, 6317, 6318]"
5604,"[6411, 6412, 6413]"
5700,"[6494, 6495]"
5715,"[6578, 6579, 6580]"
5769,"[6597, 6598, 6599, 6600]"
5805,"[6613, 6614, 6615]"
5842,"[6710, 6711, 6712]"
5884,"[6799, 6800, 6801, 6802]"
5949,"[6877, 6878, 6879, 6880]"
6021,"[6949, 6950]"
6091,"[7002, 7003]"
6100,"[7013, 7014, 7015]"
6149,"[7056, 7057, 7058, 7059]"
6220,"[7061, 7062, 7063, 7064]"
6297,"[7108, 7109]"
6318,"[7118, 7119, 7120]"
6369,"[7204, 7205, 7206]"
6394,"[7273, 7274]"
6491,"[7327, 7328, 7329, 7330]"
6586,"[7365, 7366, 7367, 7368]"
6672,"[7437, 7438, 7439]"
6723,"[7517, 7518]"
6813,"[7578, 7579]"
6865,"[7648, 7649, 7650, 7651]"
6943,"[7727, 7728, 7729]"
6985,"[7754, 7755, 7756, 7757]"
7071,"[7828, 7829, 7830]"
7127,"[7898, 7899, 7900]"
7195,"[7917, 7918, 7919, 7920]"
7246,"[7925, 7926, 7927, 7928]"
7252,"[8015, 8016, 8017]"
7290,"[8078, 8079, 8080]"
7352,"[8131, 8132, 8133]"
7378,"[8136, 8137, 8138, 8139]"
7415,"[8192, 8193, 8194, 8195]"
7461,"[8252, 8253, 8254]"
7519,"[8348, 8349]"
7526,"[8445, 8446]"
7608,"[8502, 8503, 8504]"
7695,"[8511, 8512, 8513, 8514]"
7760,"[8537, 8538, 8539, 8540]"
7813,"[8552, 8553, 8554, 8555]"
7867,"[8621, 8622]"
7903,"[8689, 8690, 8691, 8692]"
7950,"[8772, 8773, 8774, 8775]"
8044,"[8821, 8822, 8823]"
8077,"[8838, 8839]"
8097,"[8858, 8859, 8860, 8861]"
8169,"[8870, 8871, 8872]"
8220,"[8936, 8937, 8938, 8939]"
8292,"[8997, 8998, 8999, 9000]"
8378,"[9019, 9020, 9021]"
8398,"[9039, 9040]"
8491,"[9111, 9112]"
8520,"[9186, 9187, 9188]"
8524,"[9230, 9231, 9232, 9233]"
8604,"[9270, 9271]"
8613,"[9347, 9348]"
8648,"[9389, 9390, 9391, 9392]"
8682,"[9483, 9484]"
8700,"[9526, 9527, 9528, 9529]"
8796,"[9609, 9610, 9611, 9612]"
8817,"[9685, 9686]"
8876,"[9715, 9716, 9717]"
8975,"[9732, 9733, 9734]"
9071,"[9806, 9807, 9808, 9809]"
9162,"[9867, 9868, 9869, 9870]"
9193,"[9958, 9959, 9960]"
9212,"[10012, 10013, 10014, 10015]"
9293,"[10097, 10098, 10099, 10100]"
9392,"[10150, 10151, 10152]"
9450,"[10241, 10242]"
9543,"[10333, 10334, 10335, 10336]"
9612,"[10404, 10405, 10406, 10407]"
9646,"[10488, 10489, 10490]"
9694,"[10586, 10587]"
9751,"[10644, 10645, 10646]"
9785,"[10738, 10739]"
9869,"[10823, 10824, 10825]"
9923,"[10849, 10850, 10851]"
9958,"[10937, 10938, 10939]"
10046,"[11024, 11025, 11026]"
10123,"[11044, 11045]"
10150,"[11056, 11057, 11058]"
10221,"[11079, 11080, 11081]"
10319,"[11174, 11175]"
10377,"[11207, 11208, 11209, 11210]"
10449,"[11220, 11221, 11222, 11223]"
10480,"[11289, 11290, 11291, 11292]"
10573,"[11317, 11318, 11319, 11320]"
10627,"[11353, 11354, 11355]"
10661,"[11423, 11424, 11425]"
10718,"[11518, 11519, 11520, 11521]"
10803,"[11592, 11593]"
10853,"[11631, 11632]"
10867,"[11714, 11715]"
10903,"[11750, 11751]"
10975,"[11827, 11828, 11829]"
11004,"[11923, 11924]"
11011,"[11932, 11933, 11934, 11935]"
11091,"[12013, 12014]"
11112,"[12063, 12064, 12065, 12066]"
11178,"[12111, 12112, 12113, 12114]"
11260,"[12130, 12131]"
11278,"[12145, 12146, 12147, 12148]"
11366,"[12198, 12199, 12200, 12201]"
11370,"[12294, 12295, 12296, 12297]"
11435,"[12382, 12383, 12384, 12385]"
11503,"[12456, 12457, 12458, 12459]"
11578,"[12483, 12484, 12485, 12486]"
11613,"[12532, 12533]"
11641,"[12591, 12592, 12593]"
11741,"[12671, 12672]"
11750,"[12733, 12734, 12735, 12736]"
11805,"[12749, 12750, 12751]"
11869,"[12798, 12799, 12800]"
11911,"[12857, 12858]"
11986,"[12934, 12935, 12936, 12937]"
11994,"[12953, 12954, 12955]"
12002,"[13028, 13029]"
12048,"[13089, 13090]"
12079,"[13139, 13140]"
12148,"[13181, 13182, 13183, 13184]"
12248,"[13218, 13219, 13220, 13221]"
12342,"[13233, 13234]"
12381,"[13247, 13248, 13249, 13250]"
12454,"[13278, 13279, 13280]"
12462,"[13300, 13301]"
12519,"[13342, 13343, 13344, 13345]"
12548,"[13369, 13370, 13371, 13372]"
12644,"[13390, 13391]"
12690,"[13451, 13452, 13453]"
12695,"[13461, 13462]"
12724,"[13531, 13532, 13533]"
12769,"[13581, 13582, 13583, 13584]"
12833,"[13665, 13666]"
12910,"[13747, 13748, 13749, 13750]"
12957,"[13794, 13795, 13796, 13797]"
13031,"[13884, 13885]"
13102,"[13974, 13975]"
13111,"[14073, 14074, 14075]"
13133,"[14156, 14157, 14158, 14159]"
13176,"[14167, 14168, 14169]"
13206,"[14176, 14177, 14178, 14179]"
13287,"[14232, 14233, 14234, 14235]"
13387,"[14259, 14260, 14261, 14262]"
13416,"[14272, 14273, 14274, 14275]"
13448,"[14356, 14357, 14358, 14359]"
13543,"[14361, 14362, 14363]"
13565,"[14451, 14452, 14453]"
13609,"[14518, 14519]"
13624,"[14617, 14618, 14619]"
13657,"[14669, 14670]"
13661,"[14700, 14701]"
13669,"[14705, 14706]"
13747,"[14746, 14747]"
13808,"[14839, 14840]"
13840,"[14870, 14871]"
13936,"[14914, 14915]"
14035,"[14923, 14924]"
14068,"[14950, 14951, 14952, 14953]"
14167,"[14965, 14966, 14967, 14968]"
14212,"[14994, 14995, 14996]"
14247,"[15051, 15052, 15053, 15054]"
14281,"[15070, 15071, 15072]"
14331,"[15132, 15133, 15134]"
14405,"[15153, 15154]"
14439,"[15188, 15189, 15190]"
14452,"[15231, 15232, 15233]"
14543,"[15254, 15255, 15256]"
14552,"[15261, 15262, 15263, 15264]"
14603,"[15352, 15353]"
14645,"[15386, 15387, 15388]"
14686,"[15420, 15421]"
14737,"[15452, 15453]"
14814,"[15494, 15495, 15496]"
14878,"[15564, 15565]"
14917,"[15576, 15577, 15578]"
14967,"[15585, 15586, 15587, 15588]"
15027,"[15600, 15601, 15602, 15603]"
15058,"[15608, 15609]"
15127,"[15618, 15619, 15620, 15621]"
15208,"[15661, 15662, 15663, 15664]"
15214,"[15707, 15708, 15709]"
15280,"[15749, 15750, 15751, 15752]"
15329,"[15789, 15790, 15791]"
15345,"[15837, 15838, 15839, 15840]"
15399,"[15867, 15868]"
15407,"[15879, 15880, 15881]"
15477,"[15923, 15924, 15925, 15926]"
15556,"[15948, 15949, 15950, 15951]"
15616,"[15999, 16000]"
15644,"[16048, 16049]"
15691,"[16124, 16125]"
15773,"[16155, 16156, 16157, 16158]"
15836,"[16210, 16211, 16212, 16213]"
15879,"[16282, 16283, 16284]"
15953,"[16350, 16351, 16352, 16353]"
15983,"[16429, 16430, 16431, 16432]"
16081,"[16499, 16500, 16501]"
16131,"[16559, 16560, 16561]"
16192,"[16623, 16624, 16625]"
16272,"[16648, 16649, 16650, 16651]"
16316,"[16710, 16711, 16712]"
16384,"[16756, 16757, 16758]"
16449,"[16854, 16855, 16856]"
16477,"[16935, 16936, 16937, 16938]"
16570,"[16954, 16955]"
16665,"[17019, 17020, 17021]"
16718,"[17097, 17098, 17099]"
16741,"[17157, 17158, 17159, 17160]"
16808,"[17202, 17203, 17204]"
16900,"[17269, 17270]"
16929,"[17341, 17342]"
16979,"[17390, 17391, 17392]"
17032,"[17482, 17483, 17484, 17485]"
17114,"[17564, 17565, 17566]"
17118,"[17623, 17624, 17625]"
17177,"[17676, 17677]"
17199,"[17698, 17699, 17700, 17701]"
17243,"[17791, 17792]"
17335,"[17823, 17824, 17825, 17826]"
17407,"[17845, 17846, 17847]"
17471,"[17899, 17900]"
17513,"[17992, 17993]"
17531,"[18008, 18009, 18010]"
17553,"[18048, 18049]"
17575,"[18058, 18059, 18060, 18061]"
17657,"[18121, 18122, 18123]"
17677,"[18179, 18180]"
17697,"[18241, 18242]"
17716,"[18325, 18326, 18327]"
17756,"[18348, 18349, 18350]"
17835,"[18447, 18448, 18449, 18450]"
17855,"[18463, 18464, 18465, 18466]"
17911,"[18536, 18537, 18538, 18539]"
17962,"[18631, 18632]"
18049,"[18722, 18723, 18724]"
18092,"[18737, 18738, 18739]"
18146,"[18780, 18781]"
18211,"[18823, 18824, 18825, 18826]"
18305,"[18922, 18923, 18924, 18925]"
18374,"[18967, 18968, 18969, 18970]"
18449,"[19059, 19060, 19061]"
18486,"[19110, 19111]"
18507,"[19178, 19179]"
18579,"[19183, 19184]"
18584,"[19221, 19222, 19223, 19224]"
18639,"[19297, 19298, 19299, 19300]"
18732,"[19382, 19383, 19384, 19385]"
18760,"[19393, 19394]"
18831,"[19468, 19469]"
18846,"[19497, 19498, 19499, 19500]"
18926,"[19510, 19511, 19512]"
18990,"[19551, 19552]"
19080,"[19581, 19582, 19583]"
19129,"[19631, 19632]"
19190,"[19643, 19644]"
19260,"[19735, 19736, 19737, 19738]"
19324,"[19739, 19740, 19741, 19742]"
19412,"[19792, 19793, 19794]"
19471,"[19876, 19877]"
19548,"[19941, 19942, 19943]"
19605,"[20014, 20015, 20016, 20017]"
19621,"[20099, 20100, 20101, 20102]"
19690,"[20136, 20137, 20138, 20139]"
19727,"[20209, 20210, 20211]"
19743,"[20309, 20310, 20311]"
19750,"[20361, 20362, 20363]"
19830,"[20417, 20418, 20419]"
19912,"[20459, 20460]"
19990,"[20468, 20469]"
20061,"[20516, 20517, 20518]"
20156,"[20561, 20562, 20563]"
20189,"[20650, 20651]"
20218,"[20703, 20704, 20705, 20706]"
20271,"[20748, 20749, 20750]"
20356,"[20844, 20845, 20846]"
20368,"[20858, 20859, 20860]"
20430,"[20933, 20934, 20935]"
20511,"[21004, 21005]"
20520,"[21062, 21063, 21064, 21065]"
20555,"[21082, 21083]"
20638,"[21102, 21103, 21104]"
20643,"[21173, 21174, 21175, 21176]"
20697,"[21201, 21202, 21203, 21204]"
20712,"[21240, 21241, 21242, 21243]"
20734,"[21285, 21286, 21287]"
20798,"[21363, 21364, 21365, 21366]"
20807,"[21443, 21444, 21445]"
20813,"[21514, 21515]"
20823,"[21537, 21538, 21539, 21540]"
20887,"[21598, 21599]"
20934,"[21616, 21617, 21618, 21619]"
21012,"[21676, 21677, 21678]"
21045,"[21752, 21753, 21754]"
21102,"[21758, 21759, 21760, 21761]"
21164,"[21792, 21793, 21794]"
21203,"[21800, 21801, 21802]"
21300,"[21861, 21862]"
21307,"[21896, 21897, 21898, 21899]"
21339,"[21924, 21925, 21926]"
21424,"[21980, 21981]"
21500,"[22046, 22047]"
21538,"[22052, 22053, 22054, 22055]"
21585,"[22145, 22146]"
21683,"[22191, 22192, 22193, 22194]"
21706,"[22245, 22246, 22247, 22248]"
21714,"[22271, 22272]"
21766,"[22365, 22366, 22367]"
21842,"[22411, 22412, 22413, 22414]"
21866,"[22468, 22469, 22470, 22471]"
21934,"[22566, 22567, 22568]"
21986,"[22641, 22642]"
22074,"[22646, 22647, 22648]"
22153,"[22684, 22685]"
22169,"[22695, 22696, 22697]"
22207,"[22707, 22708]"
22259,"[22751, 22752]"
22334,"[22809, 22810, 22811, 22812]"
22413,"[22868, 22869, 22870, 22871]"
22439,"[22947, 22948]"
22510,"[23029, 23030]"
22609,"[23053, 23054, 23055]"
22617,"[23148, 23149]"
22671,"[23178, 23179, 23180]"
22736,"[23226, 23227]"
22748,"[23229, 23230, 23231, 23232]"
22786,"[23300, 23301]"
22883,"[23397, 23398]"
22935,"[23489, 23490, 23491, 23492]"
23018,"[23581, 23582, 23583, 23584]"
23072,"[23680, 23681]"
23170,"[23735, 23736]"
23226,"[23815, 23816]"
23296,"[23854, 23855, 23856]"
23332,"[23934, 23935, 23936]"
23388,"[24014, 24015]"
23402,"[24098, 24099, 24100, 24101]"
23426,"[24141, 24142]"
23445,"[24146, 24147]"
23542,"[24162, 24163]"
23564,"[24218, 24219, 24220]"
23596,"[24300, 24301, 24302, 24303]"
23621,"[24389, 24390, 24391, 24392]"
23626,"[24400, 24401, 24402]"
23705,"[24444, 24445]"
23748,"[24474, 24475, 24476, 24477]"
23807,"[24490, 24491, 24492, 24493]"
23839,"[24566, 24567, 24568]"
23859,"[24652, 24653, 24654]"
23903,"[24720, 24721, 24722, 24723]"
23951,"[24772, 24773, 24774, 24775]"
24016,"[24832, 24833]"
24038,"[24886, 24887, 24888]"
24083,"[24981, 24982]"
24119,"[25012, 25013, 25014]"
24212,"[25038, 25039, 25040]"
24229,"[25066, 25067, 25068]"
24321,"[25145, 25146, 25147]"
24334,"[25227, 25228, 25229]"
24341,"[25321, 25322, 25323, 25324]"
24399,"[25363, 25364, 25365]"
24478,"[25460, 25461, 25462]"
24534,"[25477, 25478]"
24555,"[25517, 25518, 25519]"
24601,"[25576, 25577, 25578]"
24642,"[25600, 25601, 25602]"
24695,"[25625, 25626, 25627]"
24794,"[25696, 25697]"
24887,"[25779, 25780, 25781]"
24936,"[25861, 25862, 25863, 25864]"
24982,"[25869, 25870, 25871, 25872]"
25040,"[25901, 25902]"
25113,"[25953, 25954, 25955]"
25146,"[25963, 25964, 25965]"
25224,"[25992, 25993, 25994, 25995]"
25294,"[26027, 26028, 26029]"
25325,"[26081, 26082, 26083]"
25368,"[26140, 26141, 26142]"
25442,"[26176, 26177, 26178]"
25518,"[26181, 26182, 26183]"
25554,"[26198, 26199]"
25645,"[26289, 26290, 26291, 26292]"
25677,"[26297, 26298]"
25731,"[26395, 26396]"
25792,"[26475, 26476, 26477, 26478]"
25820,"[26512, 26513, 26514]"
25861,"[26600, 26601, 26602, 26603]"
25947,"[26670, 26671]"
25986,"[26701, 26702]"
25994,"[26786, 26787, 26788]"
26031,"[26871, 26872, 26873]"
26114,"[26920, 26921, 26922]"
26137,"[27004, 27005]"
26146,"[27046, 27047, 27048]"
26196,"[27147, 27148]"
26220,"[27243, 27244, 27245]"
26301,"[27301, 27302, 27303, 27304]"
26327,"[27356, 27357]"
26392,"[27440, 27441]"
26412,"[27475, 27476]"
26443,"[27515, 27516]"
26538,"[27527, 27528]"
26562,"[27555, 27556]"
26592,"[27590, 27591]"
26685,"[27670, 27671, 27672, 27673]"
26734,"[27684, 27685, 27686, 27687]"
26809,"[27745, 27746]"
26828,"[27822, 27823, 27824, 27825]"
26838,"[27850, 27851, 27852]"
26934,"[27939, 27940]"
27007,"[27966, 27967, 27968, 27969]"
27040,"[28053, 28054, 28055, 28056]"
27083,"[28064, 28065, 28066]"
27128,"[28127, 28128]"
27194,"[28193, 28194, 28195]"
27199,"[28262, 28263, 28264, 28265]"
27243,"[28348, 28349, 28350, 28351]"
27258,"[28440, 28441, 28442, 28443]"
27323,"[28473, 28474, 28475]"
27391,"[28551, 28552]"
27417,"[28636, 28637, 28638, 28639]"
27426,"[28711, 28712]"
27440,"[28774, 28775]"
27491,"[28822, 28823, 28824]"
27517,"[28914, 28915, 28916, 28917]"
27548,"[28962, 28963]"
27593,"[29023, 29024, 29025, 29026]"
27605,"[29063, 29064]"
27661,"[29162, 29163, 29164]"
27679,"[29216, 29217]"
27757,"[29286, 29287]"
27837,"[29297, 29298, 29299, 29300]"
27892,"[29318, 29319, 29320]"
27913,"[29339, 29340]"
27952,"[29418, 29419, 29420]"
28047,"[29477, 29478, 29479]"
28074,"[29540, 29541, 29542, 29543]"
28085,"[29608, 29609, 29610]"
28138,"[29689, 29690, 29691, 29692]"
28234,"[29717, 29718, 29719]"
28253,"[29731, 29732, 29733, 29734]"
28347,"[29794, 29795]"
28429,"[29861, 29862]"
28514,"[29948, 29949, 29950, 29951]"
28542,"[29962, 29963, 29964]"
28561,"[30054, 30055, 30056]"
28643,"[30123, 30124, 30125]"
28661,"[30212, 30213]"
28671,"[30269, 30270, 30271, 30272]"
28762,"[30290, 30291, 30292]"
28858,"[30370, 30371]"
28929,"[30463, 30464, 30465]"
28933,"[30496, 30497, 30498, 30499]"
28948,"[30572, 30573]"
29045,"[30616, 30617, 30618, 30619]"
29142,"[30625, 30626, 30627]"
29232,"[30667, 30668]"
29290,"[30684, 30685]"
29303,"[30747, 30748, 30749]"
29366,"[30809, 30810, 30811, 30812]"
29429,"[30904, 30905]"
29512,"[30999, 31000, 31001]"
29593,"[31086, 31087]"
29657,"[31122, 31123, 31124, 31125]"
29746,"[31216, 31217]"
29799,"[31305, 31306, 31307, 31308]"
29872,"[31374, 31375, 31376]"
29962,"[31463, 31464, 31465]"
30025,"[31551, 31552, 31553, 31554]"
30065,"[31609, 31610, 31611]"
30155,"[31701, 31702]"
30190,"[31794, 31795, 31796]"
30203,"[31815, 31816, 31817]"
30243,"[31820, 31821, 31822]"
30285,"[31908, 31909, 31910, 31911]"
30308,"[32000, 32001, 32002]"
30351,"[32007, 32008, 32009, 32010]"
30388,"[32038, 32039, 32040, 32041]"
30408,"[32059, 32060, 32061]"
30415,"[32100, 32101, 32102]"
30484,"[32184, 32185]"
30492,"[32261, 32262, 32263]"
30512,"[32265, 32266, 32267, 32268]"
30522,"[32281, 32282, 32283]"
30584,"[32294, 32295, 32296, 32297]"
30608,"[32319, 32320, 32321]"
30661,"[32380, 32381]"
30704,"[32405, 32406, 32407]"
30770,"[32418, 32419, 32420, 32421]"
30828,"[32517, 32518, 32519, 32520]"
30867,"[32583, 32584]"
30890,"[32613, 32614, 32615]"
30966,"[32703, 32704, 32705, 32706]"
31055,"[32759, 32760]"
31066,"[32793, 32794, 32795, 32796]"
31080,"[32850, 32851, 32852]"
31085,"[32866, 32867, 32868, 32869]"
31114,"[32898, 32899, 32900]"
31159,"[32905, 32906, 32907]"
31169,"[32967, 32968]"
31176,"[33010, 33011, 33012]"
31243,"[33088, 33089]"
31269,"[33176, 33177, 33178, 33179]"
31307,"[33202, 33203, 33204]"
31328,"[33274, 33275, 33276, 33277]"
31398,"[33317, 33318, 33319]"
31439,"[33322, 33323]"
31511,"[33419, 33420, 33421]"
31546,"[33430, 33431]"
31592,"[33487, 33488, 33489, 33490]"
31643,"[33549, 33550, 33551]"
31741,"[33619, 33620, 33621]"
31839,"[33623, 33624, 33625]"
31929,"[33631, 33632]"
31952,"[33727, 33728, 33729]"
31970,"[33819, 33820]"
31999,"[33842, 33843, 33844, 33845]"
32048,"[33921, 33922]"
32086,"[33963, 33964]"
32180,"[34005, 34006, 34007, 34008]"
32205,"[34039, 34040]"
32281,"[34096, 34097]"
32287,"[34154, 34155]"
32350,"[34161, 34162, 34163]"
32447,"[34253, 34254, 34255]"
32488,"[34265, 34266]"
32587,"[34307, 34308]"
32657,"[34373, 34374, 34375]"
32724,"[34414, 34415]"
32817,"[34494, 34495]"
32902,"[34541, 34542, 34543, 34544]"
32952,"[34638, 34639, 34640]"
32997,"[34690, 34691]"
33033,"[34753, 34754, 34755, 34756]"
33043,"[34835, 34836, 34837]"
33104,"[34855, 34856, 34857]"
33178,"[34945, 34946, 34947, 34948]"
33243,"[35033, 35034, 35035]"
33314,"[35098, 35099, 35100, 35101]"
33332,"[35117, 35118, 35119, 35120]"
33355,"[35189, 35190, 35191]"
33363,"[35230, 35231, 35232]"
33408,"[35289, 35290, 35291, 35292]"
33448,"[35298, 35299, 35300]"
33494,"[35335, 35336, 35337]"
33545,"[35374, 35375, 35376]"
33549,"[35418, 35419, 35420]"
33615,"[35447, 35448, 35449, 35450]"
33645,"[35537, 35538, 35539]"
33708,"[35627, 35628, 35629]"
33756,"[35660, 35661]"
33794,"[35671, 35672, 35673]"
33861,"[35686, 35687]"
33960,"[35699, 35700, 35701, 35702]"
33982,"[35731, 35732, 35733]"
34060,"[35820, 35821, 35822, 35823]"
34116,"[35834, 35835, 35836]"
34199,"[35887, 35888, 35889, 35890]"
34216,"[35942, 35943]"
34225,"[36030, 36031]"
34272,"[36075, 36076]"
34283,"[36127, 36128, 36129, 36130]"
34336,"[36216, 36217]"
34357,"[36292, 36293]"
34419,"[36365, 36366, 36367, 36368]"
34453,"[36423, 36424, 36425]"
34524,"[36431, 36432]"
34544,"[36465, 36466, 36467, 36468]"
34563,"[36503, 36504]"
34618,"[36550, 36551, 36552]"
34625,"[36623, 36624]"
34644,"[36685, 36686, 36687, 36688]"
34728,"[36711, 36712, 36713]"
34737,"[36743, 36744, 36745, 36746]"
34777,"[36825, 36826]"
34804,"[36853, 36854, 36855]"
34846,"[36932, 36933, 36934]"
34895,"[36947, 36948, 36949]"
34942,"[36971, 36972]"
34973,"[37005, 37006, 37007, 37008]"
35013,"[37067, 37068, 37069, 37070]"
35026,"[37167, 37168, 37169]"
35087,"[37176, 37177, 37178, 37179]"
35122,"[37188, 37189]"
35140,"[37232, 37233]"
35208,"[37283, 37284]"
35245,"[37289, 37290, 37291]"
35260,"[37367, 37368, 37369, 37370]"
35282,"[37420, 37421]"
35298,"[37451, 37452, 37453, 37454]"
35317,"[37467, 37468]"
35401,"[37505, 37506, 37507, 37508]"
35464,"[37537, 37538, 37539]"
35487,"[37589, 37590, 37591]"
35583,"[37659, 37660]"
35633,"[37746, 37747, 37748]"
35679,"[37824, 37825, 37826, 37827]"
35724,"[37864, 37865]"
35745,"[37926, 37927]"
35827,"[37962, 37963]"
35856,"[38006, 38007]"
35871,"[38077, 38078, 38079]"
35941,"[38161, 38162]"
35993,"[38225, 38226]"
36064,"[38325, 38326]"
36101,"[38405, 38406, 38407, 38408]"
36148,"[38438, 38439, 38440]"
36237,"[38532, 38533, 38534, 38535]"
36272,"[38541, 38542, 38543, 38544]"
36372,"[38613, 38614, 38615, 38616]"
36420,"[38647, 38648, 38649]"
36504,"[38696, 38697, 38698]"
36541,"[38718, 38719, 38720, 38721]"
36575,"[38777, 38778, 38779]"
36675,"[38847, 38848, 38849]"
36702,"[38922, 38923, 38924, 38925]"
36790,"[38970, 38971, 38972, 38973]"
36833,"[39071, 39072]"
36848,"[39109, 39110, 39111]"
36914,"[39189, 39190, 39191, 39192]"
37014,"[39266, 39267, 39268]"
37029,"[39327, 39328]"
37041,"[39389, 39390, 39391, 39392]"
37106,"[39448, 39449, 39450, 39451]"
37178,"[39534, 39535]"
37253,"[39622, 39623, 39624]"
37299,"[39643, 39644]"
37342,"[39704, 39705]"
37426,"[39792, 39793]"
37441,"[39869, 39870, 39871, 39872]"
37484,"[39945, 39946]"
37514,"[39963, 39964]"
37574,"[40016, 40017, 40018, 40019]"
37580,"[40032, 40033]"
37613,"[40039, 40040]"
37687,"[40062, 40063, 40064]"
37766,"[40098, 40099, 40100]"
37796,"[40150, 40151]"
37800,"[40201, 40202, 40203]"
37829,"[40281, 40282]"
37913,"[40283, 40284, 40285, 40286]"
37937,"[40308, 40309, 40310, 40311]"
37964,"[40371, 40372]"
37973,"[40464, 40465, 40466]"
38012,"[40559, 40560, 40561]"
38074,"[40588, 40589, 40590]"
38106,"[40620, 40621, 40622, 40623]"
38168,"[40702, 40703]"
38199,"[40793, 40794, 40795, 40796]"
38268,"[40876, 40877, 40878]"
38312,"[40928, 40929]"
38369,"[41018, 41019, 41020]"
38379,"[41048, 41049, 41050]"
38478,"[41136, 41137, 41138]"
38515,"[41180, 41181, 41182]"
38545,"[41259, 41260]"
38567,"[41307, 41308, 41309]"
38624,"[41313, 41314]"
38679,"[41341, 41342, 41343, 41344]"
38710,"[41405, 41406, 41407]"
38780,"[41459, 41460]"
38829,"[41462, 41463, 41464]"
38926,"[41492, 41493]"
39025,"[41529, 41530, 41531, 41532]"
39035,"[41588, 41589]"
39104,"[41627, 41628, 41629, 41630]"
39187,"[41690, 41691]"
39239,"[41771, 41772]"
39254,"[41824, 41825, 41826]"
39337,"[41871, 41872, 41873, 41874]"
39373,"[41906, 41907, 41908]"
39431,"[41912, 41913, 41914, 41915]"
39466,"[41920, 41921, 41922]"
39480,"[41962, 41963, 41964, 41965]"
39489,"[42057, 42058, 42059]"
39524,"[42115, 42116, 42117]"
39591,"[42156, 42157]"
39612,"[42217, 42218, 42219, 42220]"
39620,"[42264, 42265, 42266, 42267]"
39652,"[42336, 42337, 42338]"
39710,"[42348, 42349, 42350]"
39720,"[42375, 42376]"
39803,"[42398, 42399, 42400]"
39865,"[42479, 42480, 42481, 42482]"
39877,"[42579, 42580]"
39933,"[42620, 42621, 42622]"
39981,"[42695, 42696, 42697, 42698]"
40017,"[42784, 42785, 42786]"
40058,"[42793, 42794]"
40137,"[42881, 42882, 42883, 42884]"
40184,"[42951, 42952, 42953, 42954]"
40266,"[43037, 43038]"
40272,"[43046, 43047, 43048]"
40276,"[43069, 43070, 43071, 43072]"
40346,"[43121, 43122, 43123, 43124]"
40426,"[43181, 43182, 43183]"
40482,"[43193, 43194]"
40528,"[43214, 43215, 43216]"
40532,"[43313, 43314, 43315, 43316]"
40542,"[43337, 43338]"
40563,"[43356, 43357, 43358]"
40625,"[43382, 43383, 43384, 43385]"
40725,"[43451, 43452, 43453, 43454]"
40798,"[43520, 43521, 43522, 43523]"
40874,"[43536, 43537]"
40892,"[43569, 43570, 43571]"
40977,"[43623, 43624, 43625, 43626]"
41075,"[43715, 43716, 43717]"
41156,"[43720, 43721, 43722, 43723]"
41255,"[43734, 43735]"
41266,"[43817, 43818, 43819, 43820]"
41277,"[43822, 43823, 43824]"
41348,"[43913, 43914, 43915]"
41438,"[43988, 43989, 43990, 43991]"
41492,"[44067, 44068]"
41540,"[44085, 44086, 44087]"
41636,"[44101, 44102, 44103, 44104]"
41681,"[44178, 44179, 44180, 44181]"
41721,"[44238, 44239, 44240, 44241]"
41744,"[44318, 44319, 44320]"
41798,"[44393, 44394, 44395, 44396]"
41843,"[44488, 44489, 44490, 44491]"
41933,"[44544, 44545, 44546]"
41947,"[44592, 44593]"
42010,"[44636, 44637, 44638]"
42039,"[44695, 44696, 44697]"
42139,"[44778, 44779, 44780]"
42225,"[44783, 44784, 44785, 44786]"
42252,"[44829, 44830, 44831]"
42340,"[44859, 44860, 44861, 44862]"
42379,"[44899, 44900, 44901]"
42452,"[44977, 44978, 44979, 44980]"
42547,"[45049, 45050]"
42565,"[45080, 45081, 45082, 45083]"
42624,"[45115, 45116, 45117, 45118]"
42636,"[45192, 45193]"
42649,"[45239, 45240, 45241]"
42735,"[45329, 45330]"
42770,"[45418, 45419, 45420]"
42855,"[45473, 45474, 45475]"
42881,"[45553, 45554, 45555]"
42890,"[45627, 45628, 45629]"
42961,"[45710, 45711]"
43046,"[45806, 45807, 45808, 45809]"
43083,"[45874, 45875, 45876]"
43112,"[45922, 45923, 45924]"
43191,"[45989, 45990, 45991]"
43243,"[46061, 46062, 46063, 46064]"
43317,"[46118, 46119, 46120, 46121]"
43361,"[46193, 46194, 46195, 46196]"
43381,"[46225, 46226, 46227]"
43445,"[46274, 46275, 46276]"
43514,"[46370, 46371]"
43525,"[46389, 46390, 46391]"
43535,"[46488, 46489, 46490]"
43559,"[46526, 46527, 46528, 46529]"
43574,"[46577, 46578, 46579, 46580]"
43623,"[46595, 46596]"
43693,"[46644, 46645]"
43719,"[46720, 46721, 46722]"
43800,"[46781, 46782]"
43821,"[46867, 46868]"
43852,"[46948, 46949]"
43894,"[46999, 47000, 47001]"
43976,"[47081, 47082, 47083]"
44001,"[47108, 47109, 47110, 47111]"
44036,"[47131, 47132]"
44052,"[47139, 47140]"
44077,"[47188, 47189, 47190, 47191]"
44106,"[47260, 47261, 47262, 47263]"
44149,"[47308, 47309]"
44184,"[47379, 47380, 47381]"
44258,"[47451, 47452, 47453]"
44295,"[47544, 47545, 47546, 47547]"
44301,"[47597, 47598, 47599, 47600]"
44366,"[47629, 47630]"
44399,"[47677, 47678, 47679]"
44473,"[47684, 47685, 47686, 47687]"
44570,"[47742, 47743, 47744, 47745]"
44658,"[47761, 47762]"
44719,"[47841, 47842]"
44819,"[47895, 47896, 47897]"
44909,"[47983, 47984, 47985, 47986]"
44914,"[48064, 48065]"
44962,"[48094, 48095, 48096]"
44984,"[48117, 48118, 48119, 48120]"
45030,"[48136, 48137, 48138, 48139]"
45125,"[48146, 48147, 48148]"
45203,"[48192, 48193]"
45295,"[48275, 48276, 48277, 48278]"
45307,"[48331, 48332, 48333]"
45331,"[48392, 48393]"
45387,"[48435, 48436]"
45480,"[48520, 48521, 48522, 48523]"
45553,"[48552, 48553, 48554]"
45653,"[48588, 48589, 48590, 48591]"
45700,"[48601, 48602, 48603]"
45711,"[48696, 48697]"
45726,"[48745, 48746]"
45735,"[48826, 48827, 48828]"
45808,"[48837, 48838, 48839]"
45816,"[48863, 48864, 48865]"
45863,"[48925, 48926, 48927]"
45887,"[49011, 49012, 49013, 49014]"
45963,"[49049, 49050, 49051]"
46036,"[49103, 49104]"
46118,"[49114, 49115]"
46172,"[49197, 49198]"
46264,"[49229, 49230]"
46313,"[49275, 49276, 49277, 49278]"
46354,"[49336, 49337]"
46375,"[49412, 49413]"
46449,"[49434, 49435, 49436, 49437]"
46543,"[49464, 49465]"
46608,"[49483, 49484]"
46619,"[49521, 49522]"
46629,"[49583, 49584]"
46715,"[49600, 49601, 49602, 49603]"
46782,"[49668, 49669, 49670]"
46812,"[49702, 49703, 49704]"
46842,"[49729, 49730]"
46857,"[49800, 49801]"
46893,"[49855, 49856, 49857, 49858]"
46939,"[49912, 49913, 49914, 49915]"
46964,"[49947, 49948]"
46971,"[50035, 50036, 50037, 50038]"
47069,"[50131, 50132, 50133, 50134]"
47108,"[50217, 50218, 50219]"
47159,"[50232, 50233, 50234]"
47194,"[50281, 50282]"
47246,"[50336, 50337, 50338]"
47278,"[50394, 50395, 50396, 50397]"
47362,"[50404, 50405]"
47368,"[50445, 50446, 50447, 50448]"
47406,"[50450, 50451, 50452, 50453]"
47459,"[50533, 50534, 50535, 50536]"
47548,"[50565, 50566, 50567, 50568]"
47644,"[50589, 50590]"
47652,"[50603, 50604, 50605, 50606]"
47743,"[50635, 50636, 50637]"
47762,"[50667, 50668, 50669]"
47833,"[50746, 50747, 50748, 50749]"
47867,"[50819, 50820, 50821, 50822]"
47949,"[50907, 50908, 50909, 50910]"
47999,"[50994, 50995, 50996]"
48003,"[51049, 51050, 51051, 51052]"
48016,"[51136, 51137, 51138]"
48039,"[51177, 51178, 51179]"
48072,"[51252, 51253]"
48163,"[51312, 51313, 51314, 51315]"
48176,"[51336, 51337, 51338]"
48274,"[51417, 51418, 51419, 51420]"
48294,"[51473, 51474, 51475]"
48345,"[51483, 51484, 51485, 51486]"
48360,"[51546, 51547]"
48387,"[51552, 51553, 51554, 51555]"
48430,"[51631, 51632]"
48520,"[51643, 51644, 51645, 51646]"
48525,"[51732, 51733, 51734, 51735]"
48576,"[51832, 51833, 51834, 51835]"
48650,"[51899, 51900, 51901]"
48708,"[51974, 51975]"
48716,"[52002, 52003, 52004, 52005]"
48765,"[52081, 52082, 52083, 52084]"
48861,"[52142, 52143]"
48924,"[52193, 52194, 52195, 52196]"
49013,"[52222, 52223, 52224, 52225]"
49095,"[52322, 52323, 52324]"
49150,"[52334, 52335]"
49206,"[52360, 52361]"
49263,"[52386, 52387, 52388, 52389]"
49355,"[52462, 52463, 52464]"
49390,"[52489, 52490, 52491, 52492]"
49487,"[52507, 52508, 52509, 52510]"
49498,"[52544, 52545]"
49558,"[52557, 52558]"
49587,"[52562, 52563, 52564, 52565]"
49656,"[52620, 52621]"
49740,"[52692, 52693]"
49788,"[52756, 52757, 52758, 52759]"
49811,"[52810, 52811, 52812, 52813]"
49865,"[52909, 52910, 52911]"
49898,"[52947, 52948, 52949, 52950]"
49998,"[52953, 52954, 52955]"
50061,"[52982, 52983, 52984, 52985]"
50146,"[52993, 52994, 52995]"
50199,"[53076, 53077]"
50261,"[53115, 53116, 53117, 53118]"
50291,"[53145, 53146]"
50375,"[53196, 53197, 53198]"
50420,"[53218, 53219, 53220, 53221]"
50482,"[53265, 53266]"
50565,"[53316, 53317, 53318, 53319]"
50635,"[53353, 53354, 53355, 53356]"
50647,"[53410, 53411, 53412, 53413]"
50728,"[53423, 53424]"
50789,"[53445, 53446, 53447, 53448]"
50876,"[53541, 53542]"
50898,"[53544, 53545, 53546, 53547]"
50989,"[53623, 53624, 53625, 53626]"
51024,"[53654, 53655, 53656, 53657]"
51123,"[53675, 53676, 53677]"
51145,"[53710, 53711, 53712]"
51216,"[53760, 53761, 53762, 53763]"
51255,"[53770, 53771, 53772]"
51334,"[53797, 53798, 53799, 53800]"
51432,"[53823, 53824, 53825]"
51477,"[53893, 53894]"
51489,"[53904, 53905, 53906]"
51566,"[53951, 53952]"
51665,"[53987, 53988]"
51758,"[54050, 54051, 54052]"
51828,"[54076, 54077]"
51844,"[54092, 54093]"
51935,"[54148, 54149, 54150, 54151]"
51963,"[54232, 54233, 54234, 54235]"
51987,"[54262, 54263, 54264, 54265]"
52021,"[54288, 54289, 54290, 54291]"
52066,"[54364, 54365, 54366, 54367]"
52106,"[54448, 54449, 54450]"
52201,"[54497, 54498]"
52299,"[54545, 54546, 54547]"
52309,"[54590, 54591, 54592, 54593]"
52395,"[54656, 54657, 54658]"
52401,"[54672, 54673]"
52462,"[54700, 54701, 54702, 54703]"
52534,"[54751, 54752, 54753, 54754]"
52601,"[54840, 54841, 54842]"
52623,"[54895, 54896, 54897, 54898]"
52709,"[54921, 54922, 54923]"
52809,"[55010, 55011, 55012]"
52873,"[55022, 55023]"
52963,"[55074, 55075, 55076]"
52997,"[55080, 55081, 55082]"
53093,"[55129, 55130, 55131, 55132]"
53189,"[55162, 55163]"
53227,"[55245, 55246]"
53237,"[55261, 55262]"
53250,"[55323, 55324, 55325]"
53286,"[55374, 55375, 55376]"
53328,"[55463, 55464]"
53341,"[55514, 55515, 55516, 55517]"
53402,"[55532, 55533, 55534]"
53482,"[55603, 55604, 55605]"
53546,"[55666, 55667, 55668]"
53551,"[55759, 55760, 55761]"
53631,"[55826, 55827, 55828, 55829]"
53673,"[55887, 55888, 55889, 55890]"
53731,"[55917, 55918, 55919, 55920]"
53815,"[56006, 56007, 56008, 56009]"
53832,"[56083, 56084]"
53899,"[56112, 56113, 56114, 56115]"
53916,"[56197, 56198, 56199, 56200]"
53954,"[56214, 56215, 56216]"
53999,"[56256, 56257]"
54072,"[56339, 56340]"
54163,"[56346, 56347, 56348, 56349]"
54247,"[56439, 56440]"
54304,"[56496, 56497]"
54339,"[56545, 56546, 56547, 56548]"
54426,"[56602, 56603, 56604, 56605]"
54466,"[56667, 56668, 56669, 56670]"
54566,"[56701, 56702]"
54664,"[56715, 56716, 56717, 56718]"
54731,"[56798, 56799, 56800]"
54770,"[56838, 56839, 56840]"
54841,"[56871, 56872, 56873, 56874]"
54871,"[56914, 56915]"
54900,"[57011, 57012]"
54981,"[57055, 57056, 57057, 57058]"
54994,"[57149, 57150, 57151, 57152]"
55085,"[57197, 57198]"
55185,"[57226, 57227, 57228]"
55212,"[57310, 57311, 57312, 57313]"
55241,"[57394, 57395]"
55295,"[57442, 57443]"
55325,"[57492, 57493, 57494, 57495]"
55372,"[57557, 57558, 57559, 57560]"
55462,"[57635, 57636, 57637, 57638]"
55486,"[57721, 57722, 57723, 57724]"
55540,"[57818, 57819, 57820]"
55553,"[57856, 57857]"
55595,"[57899, 57900, 57901, 57902]"
55619,"[57980, 57981, 57982, 57983]"
55675,"[58015, 58016, 58017]"
55767,"[58018, 58019, 58020, 58021]"
55795,"[58084, 58085]"
55807,"[58155, 58156]"
55907,"[58248, 58249, 58250, 58251]"
55928,"[58293, 58294, 58295, 58296]"
55942,"[58326, 58327]"
55948,"[58394, 58395, 58396, 58397]"
55992,"[58421, 58422, 58423, 58424]"
56068,"[58452, 58453]"
56123,"[58495, 58496, 58497]"
56159,"[58558, 58559, 58560]"
56164,"[58650, 58651, 58652]"
56174,"[58684, 58685]"
56270,"[58721, 58722, 58723, 58724]"
56281,"[58788, 58789]"
56325,"[58848, 58849]"
56418,"[58928, 58929, 58930, 58931]"
56484,"[58980, 58981]"
56498,"[58986, 58987]"
56569,"[59035, 59036]"
56619,"[59120, 59121, 59122]"
56653,"[59200, 59201, 59202]"
56744,"[59279, 59280]"
56828,"[59333, 59334, 59335]"
56912,"[59361, 59362, 59363]"
56943,"[59455, 59456, 59457, 59458]"
56991,"[59472, 59473, 59474]"
57061,"[59509, 59510]"
57157,"[59607, 59608, 59609]"
57251,"[59668, 59669, 59670]"
57341,"[59762, 59763, 59764]"
57351,"[59808, 59809, 59810]"
57429,"[59884, 59885]"
57478,"[59964, 59965, 59966, 59967]"
57536,"[59971, 59972, 59973]"
57565,"[60047, 60048]"
57632,"[60128, 60129]"
57674,"[60220, 60221]"
57732,"[60279, 60280, 60281, 60282]"
57803,"[60310, 60311, 60312]"
57842,"[60402, 60403]"
57941,"[60473, 60474]"
58016,"[60498, 60499]"
58110,"[60538, 60539]"
58164,"[60593, 60594]"
58218,"[60654, 60655, 60656, 60657]"
58296,"[60718, 60719]"
58319,"[60788, 60789, 60790, 60791]"
58414,"[60814, 60815, 60816, 60817]"
58447,"[60841, 60842, 60843, 60844]"
58478,"[60935, 60936, 60937, 60938]"
58576,"[61023, 61024, 61025, 61026]"
58603,"[61119, 61120, 61121]"
58622,"[61128, 61129, 61130, 61131]"
58656,"[61177, 61178, 61179]"
58687,"[61191, 61192]"
58750,"[61195, 61196, 61197]"
58831,"[61276, 61277]"
58886,"[61285, 61286, 61287, 61288]"
58893,"[61329, 61330]"
58966,"[61358, 61359]"
58987,"[61445, 61446]"
59033,"[61480, 61481, 61482, 61483]"
59091,"[61487, 61488, 61489, 61490]"
59146,"[61494, 61495, 61496]"
59238,"[61571, 61572, 61573]"
59337,"[61665, 61666, 61667]"
59350,"[61697, 61698, 61699, 61700]"
59430,"[61766, 61767, 61768, 61769]"
59481,"[61809, 61810, 61811]"
59519,"[61882, 61883, 61884, 61885]"
59596,"[61980, 61981, 61982]"
59638,"[61990, 61991, 61992]"
59727,"[62075, 62076]"
59822,"[62125, 62126, 62127, 62128]"
59826,"[62213, 62214]"
59913,"[62267, 62268]"
59971,"[62356, 62357, 62358, 62359]"
59987,"[62383, 62384, 62385, 62386]"
60082,"[62432, 62433, 62434, 62435]"
60118,"[62467, 62468]"
60194,"[62496, 62497]"
60207,"[62527, 62528, 62529]"
60305,"[62575, 62576, 62577, 62578]"
60341,"[62592, 62593, 62594, 62595]"
60404,"[62622, 62623, 62624]"
60436,"[62707, 62708, 62709]"
60452,"[62761, 62762, 62763]"
60517,"[62816, 62817]"
60544,"[62911, 62912]"
60618,"[62994, 62995]"
60660,"[63068, 63069, 63070, 63071]"
60683,"[63117, 63118, 63119, 63120]"
60757,"[63147, 63148, 63149, 63150]"
60852,"[63203, 63204]"
60861,"[63251, 63252, 63253, 63254]"
60929,"[63337, 63338, 63339]"
60935,"[63352, 63353]"
60968,"[63409, 63410, 63411]"
61005,"[63471, 63472, 63473, 63474]"
61088,"[63571, 63572, 63573]"
61176,"[63597, 63598, 63599]"
61263,"[63607, 63608]"
61309,"[63622, 63623]"
61348,"[63717, 63718, 63719]"
61428,"[63789, 63790, 63791]"
61528,"[63865, 63866, 63867]"
61627,"[63928, 63929, 63930, 63931]"
61659,"[63950, 63951]"
61669,"[64017, 64018, 64019]"
61675,"[64032, 64033, 64034, 64035]"
61689,"[64053, 64054, 64055, 64056]"
61735,"[64151, 64152, 64153, 64154]"
61806,"[64179, 64180, 64181, 64182]"
61890,"[64223, 64224, 64225]"
61899,"[64250, 64251]"
61918,"[64345, 64346]"
61928,"[64349, 64350]"
61997,"[64351, 64352, 64353, 64354]"
62044,"[64432, 64433]"
62107,"[64482, 64483, 64484]"
62153,"[64497, 64498, 64499, 64500]"
62248,"[64558, 64559, 64560, 64561]"
62324,"[64628, 64629, 64630]"
62376,"[64696, 64697, 64698]"
62453,"[64736, 64737]"
62542,"[64808, 64809, 64810, 64811]"
62607,"[64868, 64869, 64870, 64871]"
62639,"[64900, 64901, 64902]"
62709,"[64974, 64975]"
62788,"[65000, 65001, 65002, 65003]"
62816,"[65058, 65059, 65060]"
62842,"[65125, 65126]"
62863,"[65138, 65139, 65140, 65141]"
62943,"[65202, 65203, 65204]"
62996,"[65293, 65294, 65295]"
63083,"[65330, 65331, 65332]"
63124,"[65426, 65427]"
63155,"[65441, 65442, 65443, 65444]"
63186,"[65468, 65469]"
63251,"[65503, 65504, 65505]"
63315,"[65559, 65560, 65561, 65562]"
63345,"[65652, 65653, 65654]"
63351,"[65692, 65693, 65694, 65695]"
63361,"[65727, 65728]"
63435,"[65766, 65767, 65768, 65769]"
63455,"[65811, 65812, 65813, 65814]"
63541,"[65883, 65884, 65885, 65886]"
63574,"[65943, 65944]"
63627,"[65967, 65968, 65969, 65970]"
63698,"[66045, 66046]"
63759,"[66063, 66064, 66065, 66066]"
63777,"[66117, 66118, 66119, 66120]"
63815,"[66153, 66154, 66155]"
63846,"[66213, 66214]"
63923,"[66277, 66278]"
63996,"[66289, 66290, 66291]"
64060,"[66317, 66318, 66319, 66320]"
64137,"[66369, 66370, 66371, 66372]"
64173,"[66455, 66456]"
64272,"[66504, 66505, 66506]"
64357,"[66558, 66559, 66560]"
64367,"[66617, 66618, 66619, 66620]"
64383,"[66688, 66689, 66690, 66691]"
64436,"[66768, 66769]"
64481,"[66868, 66869]"
64547,"[66894, 66895, 66896]"
64613,"[66991, 66992, 66993]"
64663,"[67088, 67089, 67090, 67091]"
64748,"[67188, 67189, 67190]"
64825,"[67198, 67199, 67200, 67201]"
64908,"[67212, 67213]"
64930,"[67302, 67303]"
64962,"[67336, 67337]"
65011,"[67409, 67410, 67411]"
65075,"[67500, 67501, 67502, 67503]"
65130,"[67575, 67576]"
65180,"[67660, 67661]"
65203,"[67668, 67669, 67670, 67671]"
65280,"[67713, 67714, 67715]"
65306,"[67723, 67724, 67725]"
65310,"[67796, 67797, 67798]"
65315,"[67855, 67856, 67857]"
65390,"[67919, 67920, 67921, 67922]"
65422,"[67956, 67957]"
65517,"[68031, 68032, 68033, 68034]"
65543,"[68055, 68056]"
65547,"[68147, 68148]"
65630,"[68190, 68191, 68192]"
65690,"[68247, 68248, 68249]"
65718,"[68284, 68285, 68286]"
65789,"[68354, 68355, 68356, 68357]"
65876,"[68385, 68386, 68387]"
65963,"[68389, 68390, 68391]"
66012,"[68483, 68484]"
66089,"[68560, 68561]"
66100,"[68608, 68609, 68610, 68611]"
66153,"[68669, 68670, 68671]"
66206,"[68745, 68746, 68747, 68748]"
66267,"[68795, 68796]"
66347,"[68844, 68845, 68846, 68847]"
66372,"[68852, 68853, 68854, 68855]"
66377,"[68883, 68884, 68885]"
66457,"[68910, 68911]"
66464,"[68923, 68924, 68925]"
66508,"[69007, 69008]"
66593,"[69043, 69044, 69045]"
66651,"[69084, 69085]"
66667,"[69171, 69172, 69173]"
66684,"[69187, 69188, 69189]"
66692,"[69241, 69242]"
66726,"[69292, 69293, 69294, 69295]"
66786,"[69348, 69349]"
66801,"[69436, 69437, 69438, 69439]"
66852,"[69463, 69464, 69465]"
66922,"[69491, 69492]"
66988,"[69514, 69515, 69516, 69517]"
67050,"[69552, 69553, 69554]"
67060,"[69618, 69619]"
67152,"[69646, 69647, 69648]"
67196,"[69701, 69702, 69703, 69704]"
67217,"[69767, 69768]"
67277,"[69817, 69818, 69819]"
67364,"[69863, 69864, 69865]"
67456,"[69912, 69913, 69914]"
67543,"[69972, 69973, 69974]"
67618,"[69977, 69978]"
67716,"[69987, 69988, 69989, 69990]"
67767,"[70084, 70085, 70086, 70087]"
67806,"[70095, 70096, 70097, 70098]"
67814,"[70136, 70137]"
67905,"[70187, 70188, 70189]"
67947,"[70240, 70241]"
68022,"[70298, 70299]"
68086,"[70353, 70354, 70355, 70356]"
68181,"[70402, 70403, 70404]"
68191,"[70433, 70434, 70435]"
68213,"[70494, 70495, 70496, 70497]"
68311,"[70585, 70586]"
68367,"[70650, 70651, 70652]"
68458,"[70680, 70681, 70682]"
68556,"[70752, 70753]"
68651,"[70780, 70781, 70782, 70783]"
68699,"[70827, 70828]"
68798,"[70841, 70842]"
68854,"[70844, 70845, 70846, 70847]"
68883,"[70879, 70880, 70881]"
68925,"[70888, 70889, 70890, 70891]"
68973,"[70983, 70984, 70985]"
69032,"[71060, 71061, 71062, 71063]"
69101,"[71081, 71082]"
69190,"[71156, 71157, 71158]"
69223,"[71247, 71248, 71249]"
69259,"[71340, 71341, 71342]"
69289,"[71369, 71370]"
69373,"[71412, 71413]"
69423,"[71489, 71490, 71491]"
69494,"[71502, 71503]"
69562,"[71530, 71531, 71532, 71533]"
69643,"[71551, 71552, 71553]"
69658,"[71580, 71581, 71582]"
69675,"[71618, 71619]"
69771,"[71631, 71632, 71633, 71634]"
69789,"[71671, 71672, 71673]"
69884,"[71723, 71724]"
69940,"[71729, 71730, 71731, 71732]"
69989,"[71740, 71741, 71742]"
70051,"[71825, 71826, 71827, 71828]"
70151,"[71911, 71912, 71913]"
70220,"[72002, 72003, 72004]"
70242,"[72018, 72019, 72020, 72021]"
70340,"[72072, 72073]"
70405,"[72081, 72082, 72083, 72084]"
70471,"[72169, 72170, 72171]"
70549,"[72221, 72222]"
70580,"[72268, 72269]"
70675,"[72283, 72284, 72285]"
70726,"[72342, 72343, 72344]"
70818,"[72359, 72360, 72361]"
70905,"[72369, 72370, 72371, 72372]"
70972,"[72429, 72430, 72431, 72432]"
70997,"[72523, 72524, 72525]"
71051,"[72536, 72537, 72538, 72539]"
71082,"[72626, 72627]"
71101,"[72655, 72656, 72657]"
71143,"[72745, 72746]"
71213,"[72789, 72790, 72791, 72792]"
71293,"[72852, 72853, 72854]"
71380,"[72879, 72880, 72881]"
71457,"[72883, 72884, 72885, 72886]"
71521,"[72929, 72930]"
71543,"[73028, 73029, 73030]"
71577,"[73064, 73065, 73066, 73067]"
71643,"[73119, 73120, 73121]"
71703,"[73174, 73175, 73176]"
71711,"[73188, 73189, 73190]"
71745,"[73247, 73248, 73249, 73250]"
71772,"[73312, 73313]"
71850,"[73332, 73333]"
71887,"[73421, 73422, 73423, 73424]"
71982,"[73457, 73458, 73459]"
72051,"[73477, 73478, 73479]"
72085,"[73511, 73512, 73513, 73514]"
72131,"[73604, 73605, 73606]"
72140,"[73659, 73660, 73661]"
72148,"[73704, 73705, 73706]"
72158,"[73801, 73802, 73803, 73804]"
72195,"[73887, 73888, 73889, 73890]"
72201,"[73963, 73964, 73965]"
72235,"[73994, 73995, 73996]"
72314,"[74026, 74027, 74028, 74029]"
72350,"[74036, 74037]"
72371,"[74103, 74104, 74105, 74106]"
72417,"[74164, 74165, 74166, 74167]"
72470,"[74248, 74249]"
72527,"[74343, 74344]"
72549,"[74397, 74398]"
72609,"[74444, 74445]"
72667,"[74453, 74454, 74455]"
72726,"[74493, 74494, 74495]"
72810,"[74524, 74525]"
72818,"[74619, 74620, 74621, 74622]"
72882,"[74695, 74696, 74697, 74698]"
72964,"[74709, 74710]"
72990,"[74767, 74768, 74769]"
73036,"[74811, 74812]"
73048,"[74871, 74872, 74873]"
73140,"[74955, 74956]"
73237,"[75029, 75030, 75031, 75032]"
73286,"[75034, 75035, 75036]"
73354,"[75089, 75090, 75091, 75092]"
73415,"[75093, 75094, 75095, 75096]"
73495,"[75107, 75108, 75109, 75110]"
73554,"[75182, 75183, 75184, 75185]"
73594,"[75201, 75202, 75203, 75204]"
73614,"[75226, 75227, 75228]"
73697,"[75308, 75309, 75310, 75311]"
73740,"[75409, 75410, 75411]"
73795,"[75434, 75435]"
73858,"[75451, 75452, 75453, 75454]"
73896,"[75501, 75502, 75503]"
73963,"[75578, 75579, 75580]"
74057,"[75584, 75585, 75586, 75587]"
74070,"[75630, 75631, 75632, 75633]"
74084,"[75667, 75668, 75669, 75670]"
74154,"[75737, 75738, 75739, 75740]"
74190,"[75744, 75745, 75746]"
74272,"[75775, 75776]"
74340,"[75807, 75808]"
74429,"[75866, 75867, 75868]"
74497,"[75941, 75942, 75943]"
74525,"[76003, 76004, 76005, 76006]"
74566,"[76023, 76024]"
74616,"[76046, 76047]"
74634,"[76130, 76131, 76132]"
74703,"[76181, 76182]"
74727,"[76198, 76199]"
74827,"[76244, 76245]"
74913,"[76318, 76319, 76320, 76321]"
74924,"[76376, 76377, 76378]"
74956,"[76421, 76422, 76423]"
75009,"[76506, 76507]"
75053,"[76570, 76571, 76572, 76573]"
75057,"[76597, 76598, 76599]"
75107,"[76635, 76636, 76637, 76638]"
75169,"[76718, 76719, 76720]"
75191,"[76792, 76793, 76794]"
75214,"[76801, 76802, 76803, 76804]"
75306,"[76897, 76898, 76899]"
75370,"[76918, 76919]"
75408,"[76931, 76932, 76933]"
75497,"[76973, 76974, 76975]"
75584,"[77047, 77048]"
75654,"[77075, 77076, 77077]"
75731,"[77143, 77144]"
75775,"[77173, 77174, 77175]"
75824,"[77194, 77195]"
75910,"[77288, 77289, 77290]"
76007,"[77330, 77331, 77332, 77333]"
76085,"[77415, 77416]"
76127,"[77436, 77437]"
76164,"[77529, 77530]"
76241,"[77597, 77598, 77599]"
76258,"[77627, 77628, 77629, 77630]"
76278,"[77700, 77701, 77702, 77703]"
76326,"[77706, 77707, 77708, 77709]"
76332,"[77717, 77718]"
76385,"[77721, 77722, 77723, 77724]"
76390,"[77730, 77731, 77732]"
76476,"[77816, 77817, 77818]"
76489,"[77845, 77846, 77847]"
76493,"[77876, 77877, 77878, 77879]"
76576,"[77940, 77941, 77942]"
76618,"[77970, 77971, 77972]"
76639,"[78030, 78031, 78032]"
76664,"[78074, 78075, 78076, 78077]"
76752,"[78172, 78173]"
76849,"[78221, 78222]"
76855,"[78305, 78306, 78307, 78308]"
76936,"[78356, 78357, 78358]"
77023,"[78434, 78435, 78436, 78437]"
77051,"[78511, 78512, 78513]"
77104,"[78577, 78578, 78579, 78580]"
77160,"[78673, 78674, 78675, 78676]"
77190,"[78681, 78682, 78683, 78684]"
77219,"[78734, 78735]"
77294,"[78785, 78786, 78787]"
77357,"[78853, 78854, 78855]"
77434,"[78907, 78908, 78909]"
77459,"[78969, 78970]"
77512,"[78971, 78972, 78973, 78974]"
77530,"[79057, 79058]"
77625,"[79110, 79111, 79112]"
77668,"[79184, 79185, 79186]"
77742,"[79224, 79225]"
77803,"[79294, 79295, 79296, 79297]"
77843,"[79303, 79304]"
77913,"[79338, 79339]"
77961,"[79345, 79346, 79347, 79348]"
78003,"[79378, 79379, 79380]"
78019,"[79383, 79384]"
78117,"[79410, 79411, 79412]"
78125,"[79478, 79479]"
78212,"[79506, 79507]"
78240,"[79514, 79515, 79516, 79517]"
78270,"[79544, 79545]"
78344,"[79587, 79588, 79589]"
78399,"[79641, 79642, 79643, 79644]"
78462,"[79695, 79696, 79697]"
78507,"[79714, 79715]"
78599,"[79738, 79739, 79740, 79741]"
78614,"[79793, 79794, 79795, 79796]"
78711,"[79891, 79892, 79893, 79894]"
78749,"[79944, 79945]"
78792,"[80006, 80007]"
78837,"[80023, 80024, 80025, 80026]"
78867,"[80080, 80081, 80082]"
78872,"[80106, 80107, 80108]"
78920,"[80166, 80167]"
79020,"[80229, 80230, 80231]"
79028,"[80309, 80310]"
79059,"[80326, 80327]"
79114,"[80423, 80424, 80425, 80426]"
79134,"[80518, 80519]"
79178,"[80531, 80532, 80533]"
79242,"[80565, 80566, 80567, 80568]"
79334,"[80659, 80660, 80661, 80662]"
79422,"[80679, 80680, 80681]"
79436,"[80690, 80691, 80692]"
79465,"[80718, 80719]"
79548,"[80725, 80726, 80727, 80728]"
79561,"[80737, 80738]"
79568,"[80801, 80802]"
79586,"[80832, 80833]"
79646,"[80888, 80889]"
79662,"[80923, 80924, 80925]"
79734,"[80938, 80939, 80940, 80941]"
79807,"[80955, 80956]"
79820,"[80963, 80964, 80965, 80966]"
79860,"[80995, 80996, 80997, 80998]"
79903,"[81065, 81066, 81067]"
79910,"[81099, 81100, 81101, 81102]"
79935,"[81162, 81163, 81164]"
80004,"[81208, 81209]"
80097,"[81242, 81243, 81244]"
80119,"[81288, 81289, 81290, 81291]"
80214,"[81369, 81370]"
80288,"[81399, 81400, 81401, 81402]"
80330,"[81495, 81496, 81497, 81498]"
80414,"[81521, 81522, 81523]"
80497,"[81600, 81601, 81602]"
80556,"[81656, 81657, 81658, 81659]"
80584,"[81684, 81685, 81686, 81687]"
80629,"[81762, 81763, 81764]"
80669,"[81776, 81777]"
80744,"[81829, 81830, 81831, 81832]"
80832,"[81890, 81891, 81892, 81893]"
80880,"[81926, 81927]"
80969,"[81991, 81992]"
80973,"[82028, 82029]"
81026,"[82044, 82045, 82046]"
81057,"[82108, 82109, 82110, 82111]"
81064,"[82172, 82173, 82174, 82175]"
81085,"[82209, 82210, 82211, 82212]"
81158,"[82269, 82270, 82271, 82272]"
81220,"[82356, 82357]"
81250,"[82369, 82370, 82371]"
81270,"[82447, 82448, 82449, 82450]"
81302,"[82488, 82489, 82490]"
81395,"[82503, 82504, 82505, 82506]"
81408,"[82517, 82518, 82519, 82520]"
81439,"[82526, 82527, 82528]"
81534,"[82607, 82608, 82609]"
81589,"[82676, 82677, 82678]"
81676,"[82771, 82772, 82773, 82774]"
81734,"[82792, 82793]"
81791,"[82844, 82845, 82846, 82847]"
81836,"[82855, 82856, 82857]"
81898,"[82893, 82894, 82895]"
81928,"[82987, 82988, 82989, 82990]"
81959,"[83064, 83065, 83066]"
81986,"[83160, 83161, 83162]"
81996,"[83204, 83205, 83206, 83207]"
82094,"[83230, 83231]"
82153,"[83302, 83303, 83304, 83305]"
82208,"[83386, 83387, 83388, 83389]"
82220,"[83447, 83448]"
82277,"[83528, 83529, 83530, 83531]"
82330,"[83596, 83597, 83598, 83599]"
82375,"[83604, 83605, 83606]"
82400,"[83692, 83693, 83694, 83695]"
82424,"[83759, 83760, 83761]"
82498,"[83823, 83824, 83825, 83826]"
82554,"[83889, 83890]"
82583,"[83910, 83911, 83912]"
82611,"[83998, 83999, 84000]"
82692,"[84073, 84074, 84075, 84076]"
82718,"[84113, 84114, 84115, 84116]"
82733,"[84159, 84160]"
82791,"[84245, 84246, 84247, 84248]"
82887,"[84285, 84286, 84287]"
82901,"[84368, 84369, 84370]"
82943,"[84422, 84423]"
83037,"[84521, 84522, 84523]"
83068,"[84588, 84589, 84590, 84591]"
83153,"[84647, 84648]"
83181,"[84712, 84713, 84714]"
83270,"[84720, 84721, 84722, 84723]"
83363,"[84801, 84802]"
83393,"[84857, 84858, 84859]"
83482,"[84891, 84892, 84893]"
83537,"[84895, 84896, 84897]"
83618,"[84992, 84993]"
83660,"[85013, 85014, 85015, 85016]"
83675,"[85042, 85043]"
83760,"[85113, 85114, 85115]"
83821,"[85154, 85155, 85156, 85157]"
83896,"[85226, 85227, 85228, 85229]"
83949,"[85274, 85275]"
83995,"[85336, 85337, 85338]"
84014,"[85379, 85380]"
84110,"[85442, 85443]"
84119,"[85451, 85452, 85453]"
84202,"[85457, 85458, 85459]"
84299,"[85483, 85484]"
84361,"[85558, 85559, 85560]"
84389,"[85594, 85595, 85596, 85597]"
84452,"[85618, 85619, 85620, 85621]"
84493,"[85624, 85625]"
84553,"[85679, 85680]"
84616,"[85753, 85754]"
84657,"[85788, 85789, 85790]"
84754,"[85877, 85878, 85879, 85880]"
84806,"[85958, 85959, 85960, 85961]"
84859,"[86008, 86009, 86010, 86011]"
84930,"[86034, 86035, 86036, 86037]"
84961,"[86120, 86121, 86122]"
85005,"[86134, 86135, 86136, 86137]"
85094,"[86200, 86201]"
85135,"[86240, 86241, 86242, 86243]"
85177,"[86298, 86299, 86300]"
85211,"[86305, 86306, 86307, 86308]"
85247,"[86398, 86399]"
85301,"[86475, 86476]"
85330,"[86543, 86544, 86545, 86546]"
85396,"[86630, 86631, 86632]"
85458,"[86716, 86717, 86718, 86719]"
85505,"[86771, 86772, 86773]"
85515,"[86824, 86825]"
85614,"[86920, 86921, 86922]"
85625,"[86942, 86943, 86944, 86945]"
85664,"[86950, 86951]"
85693,"[87013, 87014, 87015]"
85770,"[87041, 87042, 87043, 87044]"
85789,"[87066, 87067]"
85813,"[87126, 87127, 87128, 87129]"
85819,"[87148, 87149, 87150]"
85914,"[87200, 87201]"
85927,"[87235, 87236, 87237, 87238]"
85952,"[87272, 87273, 87274]"
86025,"[87324, 87325, 87326]"
86058,"[87418, 87419, 87420]"
86096,"[87508, 87509, 87510, 87511]"
86123,"[87589, 87590]"
86153,"[87617, 87618]"
86181,"[87661, 87662, 87663]"
86240,"[87686, 87687]"
86338,"[87778, 87779]"
86360,"[87815, 87816, 87817]"
86397,"[87899, 87900]"
86424,"[87935, 87936]"
86485,"[88005, 88006, 88007]"
86556,"[88102, 88103, 88104]"
86643,"[88170, 88171, 88172]"
86679,"[88265, 88266]"
86777,"[88274, 88275, 88276, 88277]"
86850,"[88339, 88340, 88341, 88342]"
86923,"[88393, 88394]"
87012,"[88421, 88422, 88423]"
87053,"[88460, 88461, 88462]"
87131,"[88543, 88544, 88545, 88546]"
87153,"[88555, 88556, 88557, 88558]"
87168,"[88582, 88583, 88584, 88585]"
87194,"[88639, 88640, 88641, 88642]"
87287,"[88687, 88688, 88689]"
87324,"[88730, 88731, 88732, 88733]"
87402,"[88761, 88762, 88763]"
87421,"[88829, 88830, 88831]"
87509,"[88870, 88871, 88872]"
87532,"[88898, 88899]"
87626,"[88968, 88969, 88970, 88971]"
87680,"[89048, 89049, 89050, 89051]"
87739,"[89056, 89057]"
87814,"[89096, 89097]"
87828,"[89137, 89138]"
87849,"[89229, 89230]"
87875,"[89235, 89236]"
87906,"[89277, 89278]"
87933,"[89309, 89310, 89311]"
87949,"[89318, 89319, 89320]"
88049,"[89381, 89382, 89383, 89384]"
88125,"[89452, 89453]"
88134,"[89548, 89549]"
88213,"[89555, 89556, 89557, 89558]"
88295,"[89605, 89606, 89607]"
88340,"[89615, 89616, 89617]"
88372,"[89637, 89638, 89639]"
88457,"[89657, 89658, 89659]"
88480,"[89673, 89674, 89675, 89676]"
88569,"[89766, 89767, 89768]"
88628,"[89827, 89828]"
88637,"[89852, 89853, 89854, 89855]"
88726,"[89916, 89917, 89918, 89919]"
88779,"[89956, 89957]"
88813,"[89999, 90000, 90001]"
88823,"[90044, 90045, 90046, 90047]"
88832,"[90109, 90110, 90111, 90112]"
88880,"[90138, 90139, 90140, 90141]"
88942,"[90210, 90211, 90212, 90213]"
88975,"[90225, 90226, 90227]"
89055,"[90295, 90296, 90297]"
89139,"[90393, 90394, 90395]"
89172,"[90410, 90411, 90412]"
89242,"[90446, 90447, 90448]"
89299,"[90537, 90538, 90539]"
89369,"[90544, 90545]"
89406,"[90595, 90596, 90597, 90598]"
89487,"[90637, 90638]"
89584,"[90653, 90654]"
89645,"[90734, 90735]"
89684,"[90801, 90802, 90803, 90804]"
89770,"[90848, 90849, 90850, 90851]"
89793,"[90936, 90937]"
89838,"[90967, 90968]"
89851,"[91029, 91030, 91031]"
89884,"[91110, 91111]"
89964,"[91190, 91191]"
90016,"[91220, 91221]"
90040,"[91300, 91301, 91302]"
90051,"[91381, 91382]"
90142,"[91448, 91449, 91450]"
90241,"[91513, 91514]"
90324,"[91533, 91534, 91535]"
90402,"[91600, 91601, 91602, 91603]"
90422,"[91663, 91664, 91665]"
90466,"[91708, 91709]"
90477,"[91741, 91742, 91743]"
90571,"[91751, 91752]"
90655,"[91784, 91785, 91786]"
90676,"[91883, 91884, 91885, 91886]"
90712,"[91943, 91944, 91945]"
90738,"[92035, 92036, 92037, 92038]"
90783,"[92126, 92127, 92128]"
90860,"[92191, 92192, 92193, 92194]"
90866,"[92261, 92262, 92263]"
90896,"[92271, 92272, 92273, 92274]"
90980,"[92280, 92281]"
91052,"[92282, 92283, 92284, 92285]"
91105,"[92379, 92380, 92381, 92382]"
91176,"[92386, 92387, 92388]"
91276,"[92470, 92471, 92472, 92473]"
91309,"[92480, 92481, 92482]"
91360,"[92543, 92544, 92545, 92546]"
91439,"[92581, 92582, 92583, 92584]"
91509,"[92616, 92617]"
91570,"[92643, 92644, 92645, 92646]"
91653,"[92730, 92731, 92732, 92733]"
91671,"[92787, 92788, 92789, 92790]"
91691,"[92858, 92859, 92860]"
91706,"[92946, 92947, 92948, 92949]"
91758,"[92994, 92995, 92996, 92997]"
91858,"[93015, 93016, 93017, 93018]"
91927,"[93106, 93107]"
92023,"[93144, 93145, 93146]"
92044,"[93194, 93195, 93196]"
92062,"[93251, 93252]"
92127,"[93289, 93290]"
92211,"[93318, 93319, 93320, 93321]"
92283,"[93362, 93363]"
92303,"[93366, 93367, 93368]"
92330,"[93416, 93417]"
92371,"[93436, 93437]"
92445,"[93534, 93535, 93536, 93537]"
92524,"[93549, 93550]"
92543,"[93632, 93633, 93634, 93635]"
92640,"[93682, 93683]"
92674,"[93722, 93723, 93724]"
92714,"[93785, 93786, 93787]"
92737,"[93884, 93885, 93886]"
92794,"[93931, 93932]"
92888,"[93970, 93971, 93972, 93973]"
92954,"[93990, 93991, 93992]"
93048,"[94033, 94034, 94035]"
93086,"[94040, 94041, 94042]"
93126,"[94126, 94127, 94128]"
93217,"[94151, 94152, 94153]"
93304,"[94174, 94175, 94176]"
93378,"[94197, 94198, 94199, 94200]"
93416,"[94239, 94240, 94241]"
93438,"[94285, 94286, 94287, 94288]"
93456,"[94325, 94326, 94327, 94328]"
93498,"[94358, 94359, 94360]"
93591,"[94376, 94377, 94378, 94379]"
93655,"[94474, 94475, 94476]"
93732,"[94540, 94541]"
93745,"[94606, 94607, 94608]"
93794,"[94701, 94702]"
93824,"[94771, 94772]"
93854,"[94783, 94784]"
93936,"[94791, 94792, 94793, 94794]"
93988,"[94818, 94819]"
94051,"[94915, 94916, 94917, 94918]"
94114,"[94975, 94976, 94977, 94978]"
94159,"[95017, 95018, 95019]"
94213,"[95104, 95105, 95106]"
94311,"[95142, 95143]"
94388,"[95232, 95233, 95234]"
94461,"[95325, 95326, 95327]"
94551,"[95409, 95410, 95411, 95412]"
94633,"[95451, 95452]"
94701,"[95540, 95541, 95542, 95543]"
94726,"[95610, 95611]"
94735,"[95699, 95700, 95701]"
94813,"[95719, 95720, 95721, 95722]"
94851,"[95804, 95805, 95806, 95807]"
94894,"[95870, 95871, 95872, 95873]"
94938,"[95927, 95928]"
94989,"[95938, 95939, 95940, 95941]"
95045,"[95984, 95985, 95986]"
95109,"[96004, 96005]"
95156,"[96024, 96025, 96026]"
95187,"[96102, 96103, 96104, 96105]"
95286,"[96196, 96197, 96198, 96199]"
95338,"[96250, 96251, 96252, 96253]"
95348,"[96350, 96351, 96352, 96353]"
95417,"[96407, 96408]"
95516,"[96413, 96414, 96415]"
95613,"[96416, 96417, 96418, 96419]"
95686,"[96444, 96445, 96446]"
95724,"[96486, 96487]"
95786,"[96516, 96517, 96518]"
95816,"[96545, 96546, 96547]"
95877,"[96551, 96552, 96553]"
95963,"[96646, 96647]"
95967,"[96676, 96677]"
96048,"[96744, 96745]"
96117,"[96828, 96829, 96830, 96831]"
96133,"[96888, 96889, 96890, 96891]"
96217,"[96965, 96966, 96967]"
96268,"[96991, 96992, 96993, 96994]"
96332,"[97078, 97079, 97080]"
96424,"[97160, 97161, 97162, 97163]"
96520,"[97191, 97192]"
96580,"[97199, 97200, 97201, 97202]"
96669,"[97218, 97219]"
96673,"[97312, 97313, 97314, 97315]"
96680,"[97382, 97383]"
96747,"[97406, 97407]"
96796,"[97492, 97493, 97494]"
96807,"[97528, 97529, 97530, 97531]"
96851,"[97569, 97570]"
96948,"[97649, 97650]"
97042,"[97696, 97697, 97698]"
97097,"[97771, 97772]"
97130,"[97832, 97833]"
97188,"[97861, 97862, 97863, 97864]"
97215,"[97899, 97900, 97901, 97902]"
97254,"[97942, 97943, 97944]"
97289,"[97958, 97959, 97960]"
97368,"[98041, 98042]"
97397,"[98060, 98061, 98062, 98063]"
97427,"[98066, 98067]"
97492,"[98156, 98157, 98158]"
97503,"[98235, 98236, 98237, 98238]"
97601,"[98318, 98319]"
97690,"[98406, 98407, 98408]"
97775,"[98415, 98416, 98417]"
97825,"[98502, 98503]"
97863,"[98567, 98568, 98569]"
97945,"[98646, 98647, 98648]"
98036,"[98697, 98698, 98699, 98700]"
98042,"[98714, 98715, 98716, 98717]"
98125,"[98796, 98797, 98798, 98799]"
98209,"[98812, 98813, 98814, 98815]"
98215,"[98872, 98873, 98874, 98875]"
98288,"[98885, 98886]"
98373,"[98961, 98962, 98963, 98964]"
98379,"[98991, 98992]"
98389,"[99059, 99060, 99061, 99062]"
98468,"[99111, 99112, 99113]"
98513,"[99128, 99129]"
98573,"[99136, 99137]"
98658,"[99186, 99187, 99188, 99189]"
98705,"[99220, 99221, 99222, 99223]"
98739,"[99241, 99242, 99243]"
98791,"[99260, 99261]"
98837,"[99292, 99293]"
98888,"[99364, 99365]"
98975,"[99454, 99455]"
99052,"[99482, 99483, 99484, 99485]"
99069,"[99531, 99532, 99533]"
99098,"[99538, 99539, 99540]"
99182,"[99557, 99558]"
99214,"[99652, 99653]"
99244,"[99745, 99746, 99747]"
99295,"[99750, 99751]"
99322,"[99783, 99784, 99785, 99786]"
99416,"[99804, 99805, 99806]"
99480,"[99852, 99853, 99854]"
99572,"[99859, 99860]"
99657,"[99932, 99933]"
99673,"[99941, 99942, 99943, 99944]"
99700,"[99953, 99954, 99955]"
99791,"[100039, 100040, 100041]"
99803,"[100071, 100072]"
99843,"[100108, 100109, 100110, 100111]"
99880,"[100114, 100115, 100116]"
99973,"[100133, 100134, 100135, 100136]"
100036,"[100187, 100188]"
100055,"[100253, 100254]"
100138,"[100257, 100258, 100259]"
100207,"[100316, 100317]"
100276,"[100322, 100323]"
100341,"[100386, 100387, 100388, 100389]"
100417,"[100392, 100393, 100394, 100395]"
100432,"[100399, 100400, 100401]"
100466,"[100444, 100445]"
100542,"[100468, 100469, 100470]"
100617,"[100499, 100500, 100501]"
100623,"[100582, 100583, 100584]"
100701,"[100596, 100597]"
100735,"[100604, 100605, 100606]"
100764,"[100652, 100653, 100654, 100655]"
100790,"[100747, 100748]"
100875,"[100836, 100837, 100838, 100839]"
100882,"[100935, 100936]"
100982,"[100940, 100941]"
101023,"[100966, 100967, 100968, 100969]"
101080,"[101024, 101025]"
101143,"[101036, 101037]"
101189,"[101063, 101064]"
101196,"[101107, 101108]"
101277,"[101114, 101115, 101116]"
101341,"[101140, 101141, 101142, 101143]"
101387,"[101215, 101216, 101217, 101218]"
101422,"[101312, 101313]"
101447,"[101340, 101341, 101342, 101343]"
101521,"[101402, 101403, 101404]"
101590,"[101428, 101429]"
101629,"[101497, 101498, 101499, 101500]"
101687,"[101549, 101550, 101551]"
101773,"[101596, 101597, 101598, 101599]"
101805,"[101638, 101639]"
101863,"[101668, 101669]"
101894,"[101719, 101720, 101721]"
101958,"[101758, 101759, 101760, 101761]"
102045,"[101835, 101836, 101837]"
102075,"[101887, 101888]"
102103,"[101941, 101942, 101943, 101944]"
102154,"[101950, 101951, 101952, 101953]"
102224,"[102035, 102036, 102037]"
102261,"[102085, 102086, 102087, 102088]"
102355,"[102152, 102153]"
102363,"[102217, 102218]"
102410,"[102283, 102284, 102285]"
102484,"[102291, 102292, 102293, 102294]"
102538,"[102322, 102323, 102324, 102325]"
102588,"[102343, 102344, 102345, 102346]"
102673,"[102416, 102417, 102418]"
102760,"[102490, 102491, 102492, 102493]"
102772,"[102502, 102503]"
102832,"[102564, 102565, 102566]"
102842,"[102635, 102636, 102637]"
102937,"[102655, 102656, 102657]"
102948,"[102716, 102717, 102718]"
102981,"[102754, 102755]"
102991,"[102770, 102771]"
103038,"[102776, 102777]"
103091,"[102859, 102860]"
103173,"[102911, 102912]"
103208,"[102978, 102979, 102980]"
103297,"[103028, 103029, 103030, 103031]"
103345,"[103060, 103061]"
103444,"[103068, 103069, 103070, 103071]"
103529,"[103117, 103118, 103119]"
103559,"[103200, 103201]"
103614,"[103206, 103207]"
103699,"[103242, 103243]"
103775,"[103272, 103273, 103274, 103275]"
103869,"[103331, 103332]"
103884,"[103425, 103426, 103427, 103428]"
103975,"[103453, 103454, 103455, 103456]"
104047,"[103515, 103516]"
104138,"[103562, 103563]"
104231,"[103656, 103657]"
104283,"[103743, 103744, 103745]"
104294,"[103808, 103809, 103810]"
104392,"[103893, 103894]"
104400,"[103969, 103970, 103971, 103972]"
104463,"[104019, 104020, 104021, 104022]"
104508,"[104079, 104080, 104081]"
104562,"[104127, 104128, 104129]"
104581,"[104171, 104172]"
104625,"[104221, 104222, 104223, 104224]"
104639,"[104296, 104297, 104298]"
104704,"[104396, 104397, 104398]"
104777,"[104428, 104429]"
104801,"[104475, 104476, 104477, 104478]"
104838,"[104504, 104505, 104506]"
104871,"[104515, 104516, 104517]"
104956,"[104518, 104519, 104520, 104521]"
104966,"[104561, 104562]"
104978,"[104577, 104578, 104579, 104580]"
105048,"[104654, 104655, 104656]"
105119,"[104744, 104745, 104746]"
105142,"[104753, 104754, 104755, 104756]"
105196,"[104852, 104853, 104854]"
105280,"[104911, 104912, 104913, 104914]"
105320,"[104948, 104949]"
105395,"[104956, 104957]"
105467,"[105003, 105004]"
105566,"[105067, 105068, 105069, 105070]"
105617,"[105094, 105095]"
105626,"[105191, 105192]"
105659,"[105214, 105215, 105216]"
105756,"[105256, 105257, 105258]"
105843,"[105264, 105265, 105266, 105267]"
105870,"[105358, 105359, 105360]"
105881,"[105383, 105384, 105385]"
105964,"[105449, 105450, 105451]"
105981,"[105457, 105458, 105459, 105460]"
105998,"[105488, 105489]"
106067,"[105559, 105560, 105561]"
106157,"[105564, 105565, 105566]"
106204,"[105583, 105584, 105585, 105586]"
106269,"[105610, 105611, 105612]"
106336,"[105688, 105689]"
106343,"[105717, 105718, 105719, 105720]"
106358,"[105735, 105736, 105737]"
106378,"[105742, 105743]"
106418,"[105804, 105805]"
106427,"[105829, 105830, 105831, 105832]"
106451,"[105855, 105856, 105857]"
106529,"[105895, 105896, 105897]"
106561,"[105928, 105929, 105930]"
106628,"[105984, 105985, 105986, 105987]"
106661,"[106076, 106077, 106078]"
106669,"[106103, 106104, 106105, 106106]"
106751,"[106166, 106167, 106168, 106169]"
106823,"[106251, 106252]"
106890,"[106291, 106292]"
106977,"[106334, 106335, 106336]"
106989,"[106432, 106433]"
107008,"[106498, 106499, 106500]"
107030,"[106594, 106595]"
107082,"[106680, 106681, 106682, 106683]"
107137,"[106741, 106742]"
107203,"[106811, 106812]"
107235,"[106860, 106861, 106862, 106863]"
107267,"[106872, 106873]"
107284,"[106927, 106928, 106929]"
107355,"[106988, 106989, 106990, 106991]"
107363,"[107063, 107064, 107065]"
107412,"[107110, 107111, 107112]"
107442,"[107155, 107156, 107157]"
107508,"[107189, 107190, 107191]"
107582,"[107282, 107283, 107284]"
107619,"[107374, 107375, 107376, 107377]"
107686,"[107410, 107411]"
107694,"[107487, 107488, 107489]"
107781,"[107548, 107549, 107550, 107551]"
107863,"[107642, 107643, 107644]"
107951,"[107703, 107704]"
108003,"[107760, 107761, 107762, 107763]"
108029,"[107842, 107843]"
108079,"[107902, 107903]"
108098,"[107950, 107951, 107952]"
108128,"[108000, 108001]"
108191,"[108003, 108004, 108005]"
108248,"[108056, 108057]"
108298,"[108154, 108155]"
108395,"[108188, 108189, 108190]"
108466,"[108257, 108258]"
108564,"[108299, 108300]"
108570,"[108349, 108350]"
108603,"[108400, 108401, 108402, 108403]"
108631,"[108428, 108429, 108430]"
108697,"[108460, 108461]"
108795,"[108467, 108468]"
108818,"[108536, 108537, 108538]"
108827,"[108561, 108562, 108563, 108564]"
108904,"[108647, 108648, 108649, 108650]"
108988,"[108712, 108713]"
109003,"[108748, 108749, 108750, 108751]"
109093,"[108803, 108804, 108805]"
109137,"[108867, 108868]"
109203,"[108875, 108876, 108877, 108878]"
109230,"[108893, 108894, 108895, 108896]"
109322,"[108925, 108926, 108927]"
109330,"[108982, 108983]"
109367,"[109063, 109064]"
109421,"[109138, 109139, 109140, 109141]"
109519,"[109181, 109182]"
109617,"[109206, 109207, 109208, 109209]"
109707,"[109249, 109250, 109251]"
109803,"[109333, 109334]"
109900,"[109358, 109359, 109360, 109361]"
109990,"[109449, 109450, 109451]"
110087,"[109514, 109515, 109516, 109517]"
110111,"[109557, 109558, 109559]"
110135,"[109650, 109651, 109652]"
110203,"[109703, 109704, 109705]"
110244,"[109798, 109799]"
110296,"[109841, 109842, 109843]"
110331,"[109922, 109923]"
110397,"[109968, 109969, 109970, 109971]"
110417,"[110049, 110050]"
110514,"[110067, 110068]"
110557,"[110083, 110084]"
110581,"[110167, 110168]"
110603,"[110261, 110262, 110263]"
110640,"[110285, 110286, 110287, 110288]"
110733,"[110357, 110358, 110359, 110360]"
110768,"[110364, 110365, 110366]"
110861,"[110440, 110441, 110442, 110443]"
110940,"[110476, 110477, 110478]"
110993,"[110517, 110518]"
111090,"[110609, 110610, 110611, 110612]"
